UserID,PreferredNationality,PreferredGender,PreferredExhibitionRole,InterestInModernArt,InterestInHistoricalArt,InterestInSculptures
1,-1,0,5,0.8924083222472413,0.0993797953450925,0.8100660582097702
2,-1,0,5,0.9410285507015546,0.1102101633124038,0.0310772864416642
3,33,-1,5,0.0422890816130155,0.2072391513843816,0.0494389426112329
4,19,-1,5,0.0807623310441368,0.195098797942259,0.2308170109071258
5,33,2,1,0.897640946688252,0.9383239956272807,0.7718012214361988
6,12,-1,1,0.3789635651639528,0.6586462854775331,0.334391664001973
7,-1,1,5,0.4926935025776994,0.8841934385452375,0.0167166429541609
8,-1,1,4,0.3624365520740171,0.1280455004896249,0.7379591483739321
9,-1,2,4,0.676756288497641,0.2564948634398631,0.2980419763158279
10,-1,1,-1,0.475227827075274,0.8826272328046972,0.704482429927297
11,-1,0,3,0.565344788445408,0.631294656875673,0.1134398271545351
12,-1,2,0,0.1650118508318055,0.5975027948796456,0.3627083278878772
13,33,2,-1,0.3697268404905266,0.164599370710968,0.4828473284023817
14,16,2,4,0.4165181114604381,0.6740148947602547,0.1783840241723026
15,16,1,4,0.2679461600830505,0.0787958853413416,0.828969230146388
16,-1,0,0,0.0064885786668881,0.6500251982584744,0.8044460111640082
17,16,-1,0,0.3713433095295018,0.5690163157610499,0.7579867678440882
18,-1,-1,0,0.3150431643164399,0.6991144095551856,0.6028398836971964
19,-1,2,-1,0.4327906961330808,0.4942199376113239,0.0014507147128391
20,43,-1,0,0.6633492367545188,0.4887614159668949,0.4288989913141207
21,-1,0,5,0.8364215794657375,0.911521663086246,0.1103654199726313
22,24,0,5,0.707017916174433,0.5966664496141355,0.323598782008226
23,-1,2,3,0.3854927471441725,0.1373964123559954,0.3628993840634259
24,24,-1,1,0.7463598202015268,0.1025256170732394,0.92644258128089
25,35,1,3,0.7859995309429705,0.0683978098552394,0.1678899013743573
26,6,0,2,0.7816402434822863,0.2717883339977265,0.1024615228321427
27,-1,0,-1,0.5196944326291866,0.3955159444048235,0.2064648587792898
28,-1,-1,0,0.3531051964933042,0.1162579869752655,0.4364187128657483
29,-1,0,1,0.7485029403692222,0.2508219307700073,0.5369794684995742
30,-1,2,2,0.3053449069811266,0.6853164384064214,0.1955410405917017
31,33,2,0,0.0013116935021083,0.0364703660588618,0.8714430406119315
32,-1,-1,3,0.0959463420295785,0.5959728655252442,0.5129913613432973
33,41,1,2,0.3455708423616069,0.238658896680648,0.6922559477645913
34,39,2,-1,0.2844797719153138,0.9739306142194768,0.3748032426809798
35,-1,1,5,0.8521492739559672,0.9752597790515972,0.4884872220659058
36,-1,-1,1,0.7826911949904432,0.6906363512774055,0.2814465865843578
37,-1,-1,3,0.2486280405533995,0.7860402647751684,0.596501842893656
38,-1,1,5,0.1268224391267861,0.5938407605975706,0.1500262850473952
39,41,0,-1,0.7316195618145704,0.8815388635186312,0.9294520840261298
40,42,-1,0,0.8009937307657138,0.8392846714375153,0.306342333380964
41,-1,2,0,0.6152946765702703,0.7592157743307105,0.2928498898339785
42,24,-1,3,0.7152185656801233,0.8817293261868889,0.967160696433046
43,16,1,0,0.9962301280949502,0.743333243059124,0.2891132595977189
44,-1,0,4,0.3570737849241857,0.7203839159796557,0.4241776012023596
45,28,1,2,0.1357269527781057,0.6913459476641001,0.4266602161997325
46,16,1,4,0.7040670724216421,0.3079998455879776,0.696725096522629
47,-1,-1,-1,0.9589830570219936,0.2032954808280046,0.0075205387650024
48,37,0,5,0.7340696649784624,0.7986174519324694,0.6426733916548781
49,-1,-1,2,0.3033794332815447,0.1505998256596697,0.5569006094619572
50,-1,1,0,0.8317038944928021,0.9065730521665616,0.932324562602738
51,3,-1,1,0.4940751396116516,0.586479072547596,0.0674205558041554
52,-1,0,1,0.1406937007930607,0.7913970578700432,0.643341399252737
53,22,1,4,0.1025034323428295,0.0427048363197569,0.2403914901115013
54,9,0,3,0.2192975779007848,0.9118317035241106,0.7406613009906363
55,15,-1,-1,0.7514706060212162,0.4405012963505691,0.2726803019510484
56,-1,0,0,0.3131918260290025,0.0885979922413671,0.0674521703137038
57,32,2,1,0.3398701209642234,0.4488170086558077,0.2180059354019006
58,-1,2,2,0.8159503886614257,0.3409389475724705,0.17584888233746
59,-1,-1,-1,0.9040068403053172,0.8494571195278281,0.3609585047332079
60,-1,-1,0,0.5311612668710256,0.3138032561334486,0.4855351348436023
61,37,-1,4,0.3937730989648964,0.8531047456689032,0.0558802266280876
62,8,0,4,0.1748845362332113,0.8980777740442881,0.2436129791262583
63,3,1,5,0.9648146031873108,0.6505859640967756,0.6158150168100303
64,-1,-1,4,0.8300240909660217,0.4460387698210522,0.0679510397454937
65,21,-1,1,0.1035013308406427,0.4157481747228776,0.8655100213376855
66,-1,2,0,0.3228519302753521,0.9846248412973284,0.6807993581290085
67,29,0,4,0.4703890832841908,0.2894292861494197,0.6354409929251567
68,-1,2,2,0.9106963858323224,0.4326368569836651,0.2331689368188512
69,30,0,1,0.8413178805279498,0.6082889283682297,0.3265146603017183
70,-1,0,4,0.3760165647546516,0.8349745069346848,0.9847797259914076
71,-1,1,2,0.898378211745136,0.3550122753956056,0.16523135395837
72,-1,2,4,0.1207519100636419,0.3994771912623419,0.3658903801548536
73,-1,2,4,0.0719761616304309,0.8669092510575261,0.3389474007171607
74,39,-1,0,0.2590595015210507,0.0837747289935866,0.8051074527457015
75,-1,1,5,0.1341175442971547,0.0499636844102313,0.1257639880150082
76,28,-1,0,0.2312321091163002,0.6621431042697152,0.9195463581143788
77,-1,0,4,0.875992359414434,0.9680449732724532,0.9550930898571328
78,-1,2,1,0.0277297322062488,0.8661664591297925,0.5150689473101351
79,-1,0,5,0.0704751962417602,0.1405047146943473,0.8208663910787711
80,25,0,3,0.1633261356647661,0.7773859866030699,0.4290575587044161
81,22,1,5,0.587899046627097,0.8535989608552804,0.8670135742539001
82,38,2,0,0.0888187318869451,0.529820323315512,0.4347983573407973
83,34,1,2,0.3787394314010797,0.329103612213749,0.3489318004205586
84,-1,2,3,0.1072468496784919,0.7505025220051104,0.5970553052197496
85,14,1,4,0.6067196530223528,0.5224263427799718,0.800082347394866
86,-1,2,0,0.867020621621572,0.664113283500683,0.0526840018258211
87,-1,0,-1,0.6080615681440271,0.6939235445441941,0.5154870118211138
88,20,1,5,0.9065573969850824,0.6886016609554996,0.6668739178056421
89,-1,-1,3,0.2259388524409695,0.045893731981856,0.8080054878507279
90,20,2,3,0.1728388226844279,0.1538833264566973,0.4221695292192129
91,8,1,3,0.0530527135243193,0.993109895977409,0.8358207563958542
92,1,1,0,0.5003518599188034,0.2543345405051332,0.4884208368339148
93,12,2,1,0.7284794024972118,0.9808654784207896,0.7661935989432098
94,-1,1,-1,0.4512854337857654,0.85293700050929,0.7485277380740109
95,34,2,2,0.0348469757820423,0.3447838021277855,0.2677209968819554
96,21,-1,4,0.1762450229612383,0.437282516185132,0.6179365922204763
97,-1,1,4,0.294714678364966,0.0513932919384645,0.0566187369125513
98,-1,-1,0,0.2586123731352781,0.2633655950595753,0.2915710278241189
99,-1,1,2,0.0750125166696215,0.2618008112681269,0.360938513045938
100,23,1,3,0.676312605240583,0.9880719480448964,0.8575091045844839
101,4,2,1,0.296747969943144,0.7119117712667128,0.0053149562414307
102,3,1,5,0.9034703807899902,0.0326844308804196,0.7852674165509543
103,-1,-1,4,0.8382465035221914,0.0231456958140227,0.4390439975217267
104,40,-1,-1,0.0005566311015829,0.7400892071828359,0.2483710370694613
105,16,1,0,0.2274187511542782,0.324875996958742,0.8606374124545254
106,13,1,3,0.1952708100954622,0.6564753476780308,0.5813859997216095
107,31,-1,0,0.1860398305784928,0.6890326274222629,0.0180408208129577
108,-1,-1,2,0.6780920720294373,0.4187208001530597,0.5870712808458061
109,3,1,0,0.6812135523702203,0.1096729771671829,0.8442330888402187
110,-1,-1,1,0.7385186138940116,0.7082055229208621,0.4541978624188226
111,11,2,0,0.8290206594937565,0.6388121095830858,0.7878638350652666
112,-1,-1,1,0.7678577512905407,0.675774134321803,0.1589717269659848
113,39,0,-1,0.6644558256134977,0.9536080452735768,0.0997120295201577
114,-1,-1,1,0.6112463622074494,0.5016961462669803,0.8591057035337565
115,4,-1,0,0.0003713858469237,0.0630089635571784,0.3357978874601645
116,-1,-1,2,0.2236969461442863,0.7464942085424892,0.5247021058170624
117,16,0,2,0.898706904800977,0.6874253548072788,0.5114948468366491
118,-1,1,1,0.9721506573880904,0.0602467789848428,0.4915389000205113
119,24,1,1,0.4140543080065459,0.9062907524876636,0.9483091380262716
120,2,0,4,0.9615517914835976,0.210930066718694,0.4261093755985282
121,-1,-1,2,0.4505789723612672,0.4356674656196458,0.1009625845871849
122,-1,2,2,0.2416774191451556,0.1446599621561525,0.4774950166950106
123,-1,2,2,0.3240571780621164,0.0344275536170221,0.6327110223373698
124,-1,1,4,0.7701989290028867,0.2938771644097344,0.8008781044724275
125,27,1,5,0.9009779579994884,0.8021179933712334,0.0589325364419064
126,11,1,5,0.649725403025328,0.8680381204511528,0.9265749505563337
127,26,1,1,0.9979976367985268,0.3816042712562001,0.9912820242138662
128,40,2,5,0.109289771830158,0.3914220166867163,0.7448170937231168
129,4,2,2,0.4201498544420724,0.4753338489612964,0.2744191490478389
130,-1,0,1,0.7763564754277041,0.1809668617017128,0.7206385601694313
131,25,-1,5,0.3955954757967396,0.0471922518003856,0.5840561415316042
132,6,-1,4,0.648455159301178,0.9951646090204,0.9629974480710858
133,37,-1,1,0.8750151269830134,0.8513335129356538,0.9182232014008004
134,-1,-1,4,0.6689044173765681,0.7023709320435417,0.7443836078433597
135,9,2,0,0.2477828117271913,0.6225928738737764,0.6878924404125292
136,-1,0,3,0.8022030809301364,0.3857796079338519,0.7393732434655489
137,17,-1,0,0.5342389609470389,0.1883874521250049,0.2352925217148223
138,-1,-1,5,0.5570602071735105,0.2245834478765984,0.6941630749154505
139,37,2,-1,0.122112831981035,0.4377403861273354,0.9656636364908988
140,7,-1,1,0.996921244165653,0.6272436495635394,0.4744913901566946
141,-1,0,4,0.4998600493721038,0.1580898588804015,0.9969896841563992
142,-1,1,2,0.873689989894698,0.6985553038361655,0.9402644701964
143,24,1,-1,0.8281633368946244,0.8173477930742031,0.3683822644321667
144,-1,0,4,0.575209337825477,0.8474454718688967,0.382563740000906
145,43,-1,0,0.7442168072816379,0.8905047992741328,0.7778597614516158
146,7,1,1,0.98215113074733,0.1851666376501366,0.9816332363011564
147,-1,-1,3,0.0860802389806566,0.4628583278642847,0.0563615627021826
148,-1,-1,-1,0.894696748860311,0.012950617532257,0.8164152720251214
149,12,0,3,0.2306675832897876,0.6401657185378599,0.9907441456467074
150,37,2,-1,0.1901782827223224,0.1155735486047794,0.8466391462568764
151,-1,1,0,0.7867192707554655,0.39907798151363,0.8184409554185134
152,-1,2,2,0.5310264067493576,0.5227497827509758,0.9841323608892146
153,-1,2,3,0.3035493456354128,0.6876425363535913,0.2488690312740562
154,-1,-1,3,0.8087909404542132,0.995309605539929,0.9479258830515084
155,33,2,2,0.6812913763638615,0.2591156949391117,0.8918687405155834
156,9,1,0,0.1290915543206098,0.557064133933701,0.2806594119850597
157,-1,1,2,0.8150225916233532,0.7550918760567681,0.3250648311803682
158,-1,0,5,0.0226406384086199,0.9384373160464996,0.4960953982358171
159,23,0,1,0.1717173806290269,0.1601494071373564,0.1684765936171075
160,-1,0,1,0.8810866298976754,0.1715911159075822,0.1732644038249469
161,22,1,5,0.3957403420835952,0.4041776827964315,0.84415531310843
162,-1,1,-1,0.0122641557599998,0.3665008552674488,0.9412194156339458
163,13,1,3,0.1293808881244598,0.0937203138603721,0.5078401825771289
164,4,0,5,0.4891960171832947,0.1377755232909959,0.2686956387966237
165,-1,1,-1,0.1196308222300377,0.9771298246687652,0.2034239012371205
166,-1,2,-1,0.745618127993876,0.3625304947615085,0.0068524994110792
167,21,0,4,0.1953528403943693,0.7832831316784219,0.6083060256361587
168,29,-1,3,0.6091535270594263,0.4614555221235795,0.3267373124446506
169,1,2,-1,0.7757341689049764,0.8276858683567103,0.6012270694831097
170,42,-1,1,0.1228457641057966,0.8992649219808042,0.4549662707597103
171,19,0,5,0.2232018516038969,0.5079756329024586,0.9234442535175972
172,8,-1,5,0.717768368389579,0.4093768202234837,0.6125142061618432
173,-1,2,1,0.5647821808390694,0.7775502049757326,0.3977357040540783
174,30,0,3,0.940053532107434,0.9427110659735254,0.1203033702192873
175,36,0,2,0.8803525739972619,0.5568678097577546,0.293659570259875
176,25,-1,3,0.3768260866427049,0.6229467401215338,0.0102188941146449
177,14,1,5,0.1286579385853055,0.5918246216728844,0.8703960022782896
178,34,0,3,0.1428564488761875,0.2657930050149164,0.6654746806481443
179,-1,0,-1,0.0288338874207062,0.6810763431460584,0.3722120514750069
180,-1,1,4,0.3786526749708339,0.480680686608789,0.939046055786489
181,1,1,0,0.8392708203125734,0.4787111025999514,0.6883767997208994
182,1,-1,4,0.3391945357499244,0.5415206004621484,0.3015739996805647
183,-1,-1,4,0.587059041732021,0.9745872934682048,0.7642438632523885
184,27,0,0,0.8373397369647849,0.6806242862611388,0.4117129223318777
185,35,0,1,0.820547585758106,0.4212896396125178,0.2802485087765667
186,7,-1,2,0.4264625948235727,0.8635729304868233,0.5794827507514733
187,26,-1,4,0.9009846013563424,0.5330668255920729,0.1198741458163097
188,0,-1,2,0.42189374576817,0.1769530087128886,0.2280830316669918
189,36,0,0,0.1986364483812266,0.2547804429235231,0.0619897112836562
190,10,2,0,0.9526390562630036,0.5478771745197532,0.7626104335689627
191,-1,0,3,0.3002367947376778,0.640075782184408,0.2427829137064716
192,4,1,4,0.0198963910356799,0.6662485670548516,0.3641531921213882
193,26,-1,5,0.4677537316168306,0.8262884260625543,0.236049274693742
194,-1,0,3,0.2184878226244088,0.0902872155002795,0.27986546757567
195,31,0,1,0.18435650147834,0.5687992503794536,0.8700855198976921
196,-1,-1,2,0.3190869233553847,0.3001882679798423,0.062442559289533
197,6,1,1,0.9941556522785676,0.903160032820551,0.7514714757666482
198,-1,-1,2,0.2285887528937866,0.2870509755736742,0.6453789274416062
199,15,1,3,0.0474558008595098,0.9377172000384572,0.4936031408076967
200,-1,0,3,0.1461323693207343,0.6915699123564417,0.0331593373461839
201,26,-1,0,0.6213746773502062,0.1220676869861081,0.4155472530669131
202,34,-1,2,0.2587060399155704,0.0045361906772198,0.8186949791036617
203,14,1,2,0.6932689476914365,0.4723282182862339,0.4698487888540383
204,2,2,1,0.8369838438674149,0.2945323079339547,0.7071117506453939
205,3,1,1,0.402996688302365,0.0193878927539622,0.8318004423628668
206,8,0,4,0.0553245726265314,0.0799266436753397,0.9769621301606128
207,18,1,3,0.604178625630144,0.9400251756082908,0.2104146299453492
208,33,0,3,0.3360257342337769,0.2017353198274594,0.2612458036307765
209,-1,2,0,0.4505563322331257,0.7862419977954824,0.1094268700648575
210,27,0,4,0.3977331256360962,0.1195022409898,0.08007341821079
211,-1,-1,3,0.0711869636729016,0.5947039695463541,0.325320363221961
212,-1,2,5,0.6641616922283711,0.4214981773279419,0.2677950766205467
213,34,2,3,0.5640132139113786,0.7490063851793701,0.0641998606599998
214,-1,0,1,0.2739657109634874,0.0027752445444879,0.0909923017772816
215,-1,1,1,0.8991221082811279,0.2160028574429332,0.15659473107729
216,37,2,1,0.5075922130741113,0.3923706938829938,0.7735328200413202
217,-1,0,0,0.5819364614887306,0.1353582594497462,0.5654948431541594
218,22,-1,-1,0.5382040045304566,0.3489636199925535,0.9345822991968926
219,1,-1,5,0.3000595353985761,0.622241632351436,0.5421464962181791
220,14,0,-1,0.1505334350090805,0.3364249865007871,0.4908479537752042
221,25,2,3,0.2478426460435627,0.1769846549685646,0.0301498093867046
222,34,2,4,0.8155304805830134,0.3832023174550879,0.0760841936788492
223,-1,-1,2,0.1215382101235428,0.2683676389307057,0.1453429479258797
224,-1,1,2,0.8158976951531973,0.1988641839949093,0.900045727938569
225,39,1,2,0.1241364197488035,0.4799967642976721,0.1406953023491381
226,20,0,3,0.856475183725622,0.1669111296090051,0.8390423589604992
227,-1,2,3,0.0407483990438234,0.4211271624359829,0.8565700462134903
228,43,2,1,0.8394178120987664,0.5610435341934238,0.5876213782637072
229,8,2,0,0.6332655856157012,0.0460983565641899,0.6857666559568023
230,11,-1,3,0.8794646179394014,0.4777996574072699,0.4487708789058902
231,19,1,3,0.576101775584091,0.0887014649531388,0.9577323743488372
232,-1,-1,1,0.4978150934971308,0.7522754402443452,0.3070793610047011
233,13,2,0,0.8684884483055842,0.3859361231220456,0.088219882472097
234,-1,2,2,0.204756244173261,0.413335460514494,0.8875836234453193
235,41,-1,3,0.5625169733980033,0.088507209505058,0.0722860717735656
236,28,1,4,0.9448965877063537,0.6963354690792878,0.9570554503168196
237,0,1,4,0.1391368720622788,0.4913740047026025,0.9726894617698132
238,5,-1,2,0.3182819057831958,0.3238252121883814,0.7463191226665651
239,37,2,2,0.3464756134934768,0.2932798191646442,0.7856592025820858
240,8,-1,3,0.3389852818886046,0.5374474123646095,0.2612627639469765
241,-1,2,5,0.3124225965820587,0.1448779204341339,0.069141426953839
242,20,0,2,0.725772923305738,0.4376553864727774,0.4567327913773301
243,18,2,3,0.8211032545818839,0.4867593675825648,0.0050233181447305
244,8,-1,5,0.9502136455408506,0.2116923207239619,0.77733931488177
245,-1,1,0,0.6129114073694517,0.9010706193805992,0.3754743008492773
246,-1,0,4,0.0556382731362733,0.3002516979900211,0.93163188996887
247,-1,2,3,0.5507123417582485,0.0837690901747161,0.8927428556036177
248,34,-1,4,0.0993765673358537,0.354623953296742,0.811226292618327
249,29,-1,4,0.5091974104355093,0.1991094085577071,0.4308896608107984
250,-1,-1,1,0.952577091731612,0.9243314692251228,0.0335685188681086
251,27,0,4,0.2605471215393897,0.7540457210696102,0.3839071233729354
252,8,0,1,0.4839081061683286,0.0873334304051406,0.7371794771273833
253,40,0,2,0.1249519468054498,0.7824497468571725,0.8896039825784209
254,4,1,5,0.1134516471045151,0.8445481734131784,0.9339724664602396
255,40,1,0,0.8919144234737341,0.2657435859034857,0.617651399171785
256,18,-1,3,0.7285989841050242,0.213443183546052,0.6863664721295141
257,0,2,0,0.098839433931916,0.7557448626322683,0.56921189195316
258,4,2,0,0.8156570550843912,0.1547732747614881,0.957148321968966
259,38,-1,4,0.0899517139849915,0.2367310017320198,0.2466590838072884
260,-1,2,4,0.0591158575190861,0.0388228998319877,0.6202949388124566
261,14,1,0,0.9316210751756996,0.9812280299378828,0.0442611649919433
262,7,2,4,0.3938987129957821,0.094567248594037,0.6061396935822326
263,40,1,4,0.8070246035045169,0.8946314417929839,0.6749855945454647
264,16,-1,4,0.6707743432299867,0.1600591213579979,0.3978959208217842
265,-1,1,5,0.764440635802797,0.0603477010616541,0.1750123553921596
266,25,1,1,0.4744304802467889,0.1364476301555607,0.9270528597336936
267,37,1,3,0.0354254884765091,0.0741043789558262,0.4286582146232209
268,-1,0,2,0.0405194022666004,0.1763200693769426,0.1140710862580086
269,36,-1,1,0.5617254709044958,0.8780650316327054,0.7956437426099522
270,24,-1,5,0.2959023348001767,0.0435943326908253,0.60397519899132
271,-1,-1,4,0.4586258665654078,0.1145554289073562,0.7907001576765601
272,39,-1,2,0.7544763762361911,0.670944799175084,0.6925207791072174
273,39,-1,4,0.9619922880994785,0.4465047957343057,0.9758751598347408
274,28,0,1,0.9326972923329596,0.4576732887452545,0.8513054493198654
275,11,2,4,0.3926363977836663,0.9537707853849294,0.2728287700390951
276,-1,0,5,0.261259859841504,0.577015866227248,0.9426524680178244
277,20,0,1,0.2266198599334685,0.1843382826957638,0.8145531339974333
278,-1,2,4,0.971305284783986,0.4493819864567692,0.6668044466991223
279,-1,0,5,0.2188063026837791,0.5930963441780498,0.4655505644639537
280,-1,2,5,0.1546324858301062,0.6130044128188188,0.3606614616847493
281,-1,-1,1,0.3907326655304852,0.9367660044572984,0.9268051246095992
282,-1,2,0,0.4161960033823275,0.4496409481030784,0.6348299051682078
283,-1,1,3,0.8525849383111437,0.1406171439435488,0.4083978741880949
284,18,2,3,0.2387928953796118,0.7514888679375068,0.2855897607876478
285,43,2,1,0.4943590296523461,0.5452687834857377,0.2632724102186826
286,13,1,1,0.3655747757490807,0.5085777122307829,0.2147484397665165
287,17,1,5,0.6113297929696969,0.0873544534664214,0.918980201692006
288,-1,2,5,0.2715108845520613,0.3667838961108343,0.2822997071907673
289,42,-1,5,0.8051316992952214,0.2400604853105269,0.8324492334638515
290,21,2,4,0.3833292785188107,0.2673261318734401,0.6417981736529988
291,4,-1,5,0.4234863522075495,0.4864483822522606,0.9113711686412276
292,-1,0,5,0.6176576851502933,0.437702689512447,0.6617416234803105
293,33,1,1,0.260230046754891,0.226866173498068,0.0948595338114723
294,7,-1,0,0.1984234546901101,0.755164691083096,0.257914893967516
295,4,-1,0,0.7500431483230193,0.8306431075493718,0.882801830055056
296,-1,0,5,0.8884875575968523,0.8622980416871001,0.4701826111253289
297,20,1,1,0.4195638123956479,0.6154847194157835,0.4271409119815865
298,-1,0,5,0.9519983641221826,0.1862335359796053,0.4169343292431569
299,-1,-1,5,0.1990928213887253,0.1360653902903944,0.6858024972059652
300,15,-1,4,0.7954251390687317,0.8489549725557515,0.3481658552075113
301,38,0,5,0.5298543445274339,0.445351282462453,0.0541882185155446
302,-1,-1,4,0.9647417455422206,0.639858584262733,0.2505000998825106
303,21,2,4,0.8172711511361834,0.2748424812786766,0.4733472850106195
304,30,-1,4,0.4016117040569601,0.3648566528867442,0.42313460600202
305,11,0,-1,0.5891049969749429,0.8887544498864228,0.9921793748144412
306,3,-1,0,0.2598754247254529,0.4229950395727657,0.0154352940228807
307,-1,0,3,0.4701712339658699,0.8516687903350313,0.273778488940205
308,12,2,5,0.5292025323327351,0.3627898476331576,0.0774175280531274
309,17,1,5,0.8642080552227912,0.1223072393287442,0.1612527936499972
310,10,-1,4,0.1390098252336794,0.6628583850310726,0.8199438826031182
311,-1,0,1,0.8813282411979126,0.4672534208616649,0.2230094814103583
312,37,-1,4,0.0001882349850954,0.7305199412958537,0.5365928607372619
313,-1,2,-1,0.3107236989817553,0.8710423828718944,0.9764271239818778
314,10,-1,2,0.8434611295191657,0.592395151074245,0.3844348862360174
315,24,-1,4,0.0795712693467524,0.8318862723090025,0.7058549678455445
316,-1,-1,5,0.921503242979321,0.6167888748865321,0.6834498843673542
317,17,-1,2,0.0544331761320708,0.6483383314372035,0.0275612060107954
318,43,-1,0,0.1351888898327017,0.0984995417598402,0.1861830653285864
319,41,1,0,0.1473587062726954,0.9870651818066052,0.9174827767999826
320,37,-1,4,0.6032370664505001,0.950321174325274,0.0236227658002697
321,-1,-1,0,0.0689227386712274,0.6112946314991001,0.8334971924139999
322,-1,0,4,0.2264875646554009,0.427486622615257,0.8809189795557457
323,6,2,5,0.8039479548790907,0.2420803156355168,0.8132821113615462
324,-1,1,2,0.2939814676406131,0.0584783776934884,0.987347782950385
325,-1,-1,2,0.8641796523453096,0.2059442911307792,0.4732513195752184
326,27,1,2,0.9299420526409976,0.6416681046426675,0.3143269068593843
327,3,0,-1,0.7297387265985562,0.9654777024782404,0.9571932661760352
328,42,2,-1,0.613918028684882,0.8217537240408913,0.8581527056221346
329,2,0,0,0.5913387339665138,0.883220323375104,0.7344406495394138
330,41,1,0,0.4901377142297113,0.9738567522295988,0.1509848866302768
331,-1,-1,5,0.3034874041701675,0.3718686440337766,0.9166001398076782
332,38,1,3,0.122742215729465,0.4251523451686131,0.1597748850163639
333,11,0,1,0.3355749536209683,0.773474820296136,0.0518389335476792
334,11,0,5,0.2883486266471458,0.4730079714157806,0.5083312428344441
335,-1,0,1,0.1152360975834192,0.5731172246866599,0.2614049944226417
336,-1,2,4,0.6818478452400714,0.177934767544734,0.1609620541666535
337,39,-1,2,0.4481806090916196,0.9527767610952071,0.8094830501825633
338,5,-1,2,0.1911467062148952,0.8048991703274191,0.6082804620118172
339,-1,2,3,0.4808553722983671,0.1811130395534365,0.8070196891489562
340,-1,2,1,0.504864570714348,0.9246228933132036,0.4567910891453987
341,-1,0,4,0.692918661721583,0.188633561191703,0.7721669041533601
342,24,1,3,0.7841144761479474,0.7310755682465694,0.3404815456965281
343,-1,2,3,0.61643796874812,0.3338455132080093,0.4114530468747771
344,-1,2,4,0.7475115665621763,0.7262090933701875,0.7382282047063369
345,41,2,3,0.0233943148338617,0.1293881450299695,0.5494817614728632
346,-1,0,2,0.601954811683341,0.8264425452295828,0.8258436509536494
347,14,1,3,0.2711023334482613,0.1354418312526362,0.6386076472428555
348,14,-1,5,0.521631911575733,0.4782139648756736,0.5672819796030669
349,5,2,3,0.2565685158571154,0.1022406382021314,0.0047940560773824
350,-1,0,2,0.5771986872370859,0.9717661666257644,0.5261515679690048
351,-1,0,4,0.1986828164932328,0.9054824594434664,0.8396208733032806
352,9,2,5,0.1715407538334205,0.1689467999230439,0.8415003779804228
353,27,2,0,0.4537472284799884,0.6656367478639428,0.6830578811706646
354,-1,-1,0,0.1364329343274531,0.1582789588954515,0.4185113478747331
355,-1,0,-1,0.9857652962352182,0.5303087240354086,0.5401957867692644
356,22,2,4,0.722547384123339,0.3359110674728193,0.5930434794633556
357,-1,1,-1,0.944358278746004,0.3052436595477049,0.0027017277528709
358,31,-1,-1,0.7409713189441771,0.8944067119939446,0.1251460299012949
359,-1,1,-1,0.2408186132379772,0.2319936188269856,0.8351311776127817
360,-1,1,0,0.595671760254775,0.0211296931664466,0.261617891523022
361,22,1,4,0.5675532648021684,0.917642765652378,0.8932023883130777
362,38,-1,-1,0.1714536993920593,0.792328695746687,0.6526054747052553
363,-1,-1,5,0.5304231328345528,0.290887735997444,0.7659161392110275
364,-1,-1,2,0.0625519655711313,0.154742490505598,0.3807270977553452
365,-1,2,-1,0.8246139065536374,0.183122026956416,0.6857117826875812
366,-1,0,-1,0.4437212555932889,0.0691497919776322,0.3935392299956798
367,19,-1,2,0.9003019711606284,0.5917681404503066,0.581243007026964
368,18,-1,-1,0.9919181119399516,0.6559703945383295,0.2785210655226919
369,-1,2,0,0.4212582367368112,0.5537372354274931,0.856614741758734
370,39,1,3,0.3004602534204855,0.1249452984664979,0.8028176542838824
371,-1,1,5,0.4055745824047404,0.2397511741575159,0.435915826169058
372,20,-1,2,0.6020184687589295,0.2050027813606351,0.0071944038219752
373,27,2,0,0.3401069640043196,0.952893352076238,0.2734899552951279
374,3,0,3,0.3812027221685931,0.9591965479048856,0.085257511227673
375,29,1,2,0.5679414910147756,0.0899227892828973,0.6832344923334129
376,-1,-1,2,0.2876031338259698,0.0075013300728591,0.3133413337330099
377,32,1,5,0.0914797109321418,0.9708349821186892,0.1277413552141415
378,43,1,3,0.4277642827524072,0.3074648936846097,0.8889791693368931
379,-1,2,-1,0.4267257056772888,0.1246410145161595,0.664195442173702
380,40,-1,4,0.4317392090084633,0.9566678516118604,0.1644650610882302
381,29,-1,5,0.6885849708673226,0.90811858865049,0.8380378201958452
382,-1,1,2,0.2902603412297985,0.6078033906778385,0.6485147034599736
383,-1,2,1,0.9756968649602312,0.668100984111481,0.4478158706057705
384,-1,-1,-1,0.2259396559080212,0.5987855834812343,0.1083514345514016
385,-1,-1,-1,0.4484096053624082,0.4379083402277064,0.8506760077025419
386,-1,1,-1,0.6675384843337243,0.3616646500430185,0.1142542224055245
387,-1,-1,0,0.2536783901586095,0.673664718827169,0.4995045791384878
388,8,-1,5,0.851374605958375,0.3357463792666271,0.4436616191582014
389,-1,0,2,0.9755839162513604,0.6743181623116045,0.712113088666562
390,-1,-1,1,0.2250085476846101,0.5752747611132655,0.7387018691721526
391,31,1,-1,0.7380755031978298,0.3113334446901803,0.957391990459418
392,22,2,5,0.4838884720182711,0.4537255065447608,0.2580701276535871
393,-1,1,0,0.5277956276297128,0.5309695593145395,0.9663995690184471
394,26,-1,3,0.9776749707345336,0.9988075149600888,0.3639418432962342
395,-1,-1,1,0.4332375483382928,0.2592861997014868,0.6165222874719974
396,-1,0,4,0.3195784233315897,0.4322924401518265,0.9250717625804634
397,19,1,1,0.3585797261579627,0.5622930689071116,0.559116156043628
398,11,0,5,0.6401433723242012,0.5862763291875013,0.4387993644677832
399,-1,1,4,0.2449365368738901,0.3097480628762392,0.8411145013061763
400,38,0,1,0.7797667192226541,0.7345993449928716,0.8092448036187844
401,5,2,1,0.3229561941489507,0.5011827072933702,0.6685715161966095
402,19,2,0,0.2633764096530084,0.3578366915223219,0.0165349418286554
403,27,-1,3,0.6148033012750227,0.0795468934516947,0.0466122384410391
404,20,-1,1,0.6914535612043403,0.2115384543050229,0.6241427775917532
405,-1,-1,2,0.4369743100255014,0.5027481365941355,0.3753883357285894
406,-1,1,5,0.2317273514880465,0.3982710834181352,0.5800042356569515
407,-1,-1,2,0.5989133770684579,0.1042459082778122,0.8274280811392597
408,13,1,5,0.7519801810099445,0.3408707568039333,0.3457713651165838
409,-1,2,1,0.5576613652157949,0.8723658358057073,0.7754105363383164
410,28,1,0,0.2185363985029786,0.9009298492880592,0.147564599417349
411,-1,1,1,0.4048003249269296,0.9342073556289608,0.7068679758759789
412,-1,0,2,0.6028435675832384,0.3395278408949126,0.2922848820141879
413,-1,1,4,0.5446353730739344,0.4809227658925527,0.4788258219029947
414,-1,2,-1,0.3661596725329245,0.3331796930727674,0.5832996007340165
415,3,1,2,0.5391451640180732,0.2605896619493039,0.3994258415886701
416,20,1,-1,0.8239351651186169,0.0987942058815252,0.9570325365298684
417,30,2,4,0.2725925164805427,0.3781062998413693,0.9538065168863664
418,30,-1,2,0.7539474256723088,0.4796508151670109,0.5002281885635242
419,18,1,5,0.5568704140927487,0.3475418984400918,0.1226993152597776
420,-1,-1,0,0.0653273641113885,0.5541804566333766,0.0793419757758183
421,-1,2,5,0.2804992170292884,0.0635308029952869,0.1039390834829608
422,-1,-1,-1,0.6736438193344885,0.7907308011583869,0.210502457223395
423,25,-1,-1,0.7872258964429684,0.1777715444886669,0.2138182542670188
424,-1,2,-1,0.5122232991641676,0.8911007840608767,0.2854981906795074
425,-1,-1,3,0.2960319929111825,0.3026111603702706,0.3364865135793582
426,1,1,0,0.7423029322354935,0.1199546362343083,0.0749851984461624
427,26,2,0,0.2447618081652303,0.3289199477423874,0.7055541656988007
428,16,0,2,0.4321370205524336,0.5574597774545534,0.1002545151054246
429,7,-1,3,0.9318873618718674,0.8896133312911729,0.0867672962106846
430,22,2,-1,0.6497696753173848,0.2256116993286772,0.4582998703170098
431,16,0,4,0.9748930204753526,0.2490507964875137,0.9751089820818496
432,20,1,5,0.776283862395355,0.5019083523121094,0.6835736117685437
433,12,2,1,0.8225312436076592,0.8138878007730799,0.0302515552710974
434,-1,1,1,0.2853323103901318,0.5956213364112658,0.424756137360861
435,28,2,1,0.0753414503636995,0.7312118292404487,0.1371295741530868
436,-1,2,1,0.9850173590695044,0.8036311207598038,0.1574928638843488
437,24,0,2,0.963827290693016,0.0336890182943566,0.5085114678639268
438,-1,1,3,0.5511689303122398,0.6714893025113717,0.6016819537423094
439,-1,2,3,0.0700558684429322,0.8551463546040106,0.8288172301876898
440,-1,-1,1,0.2458992869430961,0.6342895586300182,0.7180441086520658
441,-1,0,0,0.6678671537343944,0.002711749558186,0.2860798291845944
442,-1,1,2,0.9148040612321772,0.7563351287530792,0.3751767784358734
443,27,2,3,0.159856137601919,0.762894834607183,0.6017777416414396
444,16,-1,3,0.7377785238394269,0.8896665295719166,0.1311004917993776
445,-1,2,3,0.9956248019844668,0.7317716223323211,0.9832788541678332
446,13,2,1,0.5756232830021026,0.0741379965226012,0.6035781339336405
447,13,0,3,0.3821646078935419,0.5096505793977252,0.9311819993356354
448,5,-1,0,0.3318173691601407,0.937902976788058,0.7879634895392565
449,-1,-1,2,0.8510061731303156,0.2347113452400866,0.2643361125622854
450,3,0,3,0.7427209982141387,0.853020365086354,0.7336553582020504
451,8,-1,2,0.2535023708500643,0.7791684038440724,0.5857027192554253
452,24,0,-1,0.8691529842674457,0.197814288839871,0.365535170065502
453,22,1,3,0.8405851460675084,0.5636165962077934,0.5894138682682412
454,25,1,4,0.13516197216027,0.5726404126886105,0.0384935380582066
455,4,1,-1,0.4415049415344321,0.7849004661665719,0.7292313891810098
456,11,1,4,0.7115270682339321,0.7696556211939909,0.9867330197755592
457,-1,1,0,0.8823453427959213,0.0275323719617707,0.3701739434753552
458,1,-1,5,0.2321087403416992,0.9958108099144288,0.0010461566658754
459,32,0,5,0.9531616623913456,0.2292880264993402,0.7279390012970034
460,-1,1,4,0.4514670753836693,0.4279646325846207,0.3241358656899298
461,12,-1,0,0.0950717707670055,0.5432052903106175,0.1438124160089769
462,-1,-1,-1,0.1277296698975863,0.2391514658076584,0.528783055447643
463,24,-1,1,0.8941718088908206,0.6250445172165738,0.335835021253847
464,9,-1,1,0.2712174523551156,0.2838241389666159,0.733173315583948
465,-1,1,5,0.5956365377678963,0.7970261689040987,0.0078244976375243
466,-1,-1,-1,0.7979006422192569,0.5696377356359749,0.1768098855841758
467,11,0,5,0.0797966055795971,0.8412236935189434,0.0022481633484378
468,34,2,5,0.5968840041945787,0.384183321814211,0.3085692184612867
469,-1,0,1,0.3821430944224931,0.665908777363926,0.808873016856837
470,-1,1,-1,0.0363070512491147,0.0306549851586487,0.6258679920032963
471,25,-1,2,0.5188405270645426,0.4405018338611086,0.724069075290445
472,29,-1,5,0.710538674251198,0.4303724245889768,0.1526364167716554
473,36,0,0,0.7475277077046778,0.0934806951907382,0.0888066895968846
474,34,0,0,0.2608443584968483,0.1356277558806053,0.1904704155244811
475,18,2,3,0.2691928367131712,0.7971748246265922,0.7554135108432138
476,-1,-1,-1,0.825262688515293,0.6729790553204136,0.4202006781365907
477,38,-1,0,0.206727969292319,0.6511842195566104,0.4998110504387368
478,3,-1,1,0.3762154358939327,0.4268883024874994,0.7634322159748593
479,-1,0,1,0.2852589815818214,0.5741205800983527,0.9894708806405876
480,28,1,5,0.7513295405807955,0.955413597289828,0.0334726236450841
481,-1,0,3,0.4971287641831051,0.9394312404393677,0.8701570585910592
482,-1,2,5,0.4544416316324189,0.8478309801287816,0.1487243398108335
483,43,0,3,0.7199140871430915,0.869212947504333,0.1363587989512037
484,-1,1,-1,0.8831126885615301,0.2460115481523156,0.0205072481145068
485,-1,-1,2,0.9477062813613388,0.6435437538636154,0.2233762848953864
486,1,2,2,0.0806217645794623,0.33750566316052,0.1744017747283972
487,-1,-1,0,0.6123625455859908,0.5742002116775519,0.6394802459821889
488,38,1,5,0.6380014058741431,0.0597359621252971,0.4430907819969287
489,34,2,5,0.5968479015209346,0.3237579685399059,0.4379259136614478
490,28,0,1,0.17741326329359,0.0946937262469235,0.9716365598377368
491,40,1,-1,0.995977876389201,0.6402171593075857,0.6694793208063895
492,-1,0,1,0.3677552046861647,0.8785522525978046,0.0865926104246823
493,3,1,-1,0.256632603874744,0.7026855598964635,0.6795179076930598
494,-1,-1,3,0.8249987274685756,0.2956360683382859,0.3454047228262442
495,6,0,5,0.2868609676035594,0.9326381801459828,0.961595532490886
496,24,2,1,0.722489780623944,0.044087599336214,0.6271405616846029
497,-1,-1,0,0.2862501915123051,0.166785663519378,0.4487632733344059
498,-1,0,0,0.8658013647350117,0.7629185523573965,0.431789685863863
499,-1,1,0,0.5667219811934572,0.2680236360604745,0.0370646423879267
500,-1,-1,5,0.903686823838773,0.5741770091824112,0.4789964666246756
501,-1,-1,2,0.3158341483637238,0.1449191747273801,0.200876823083178
502,5,1,3,0.6991260257797822,0.5389128030985058,0.3228048137362475
503,-1,0,3,0.2138827093554519,0.2720227165239058,0.7493673989215076
504,43,2,-1,0.3309168320359845,0.756450818379948,0.741407938176287
505,7,1,4,0.6342822030341576,0.9117040586086964,0.8425041068750563
506,-1,1,4,0.3843833294160337,0.6510566018313717,0.9662482935677827
507,27,-1,2,0.0652633985711688,0.2002220581733593,0.4381000248585149
508,-1,-1,4,0.3630765779205125,0.7934092050559,0.8152407670499587
509,2,1,-1,0.1765080697861988,0.81252544061036,0.5021462798236819
510,43,1,5,0.9430360264648576,0.7270292249132754,0.6432732777658771
511,31,2,0,0.1976275704561834,0.0427739228921638,0.3273730820321002
512,-1,1,0,0.2812731684877082,0.2473987962084308,0.4337764103471474
513,38,-1,1,0.9483690551790118,0.751781803460964,0.9125186154223316
514,-1,0,5,0.4811110108235082,0.2568085247841853,0.1088115582297024
515,40,-1,4,0.4014746214260162,0.2163481051572857,0.6913194425801908
516,13,-1,4,0.7267714072487996,0.8049128245452067,0.0975386239191147
517,-1,1,5,0.8265273824244225,0.699239134650087,0.6248469983582894
518,5,1,-1,0.921666313183179,0.8237310770467197,0.4777763007343518
519,-1,-1,3,0.1017091520418781,0.0247093452381778,0.6771488351955801
520,10,1,4,0.8127293265766137,0.0486744473219236,0.0366626946557908
521,5,-1,-1,0.0191153839393347,0.1926432990428772,0.3578001200742476
522,-1,-1,5,0.7552809658763837,0.0768086811552184,0.2142392817895607
523,4,2,-1,0.9306006130075678,0.3031466208843324,0.7424526362222912
524,40,2,4,0.6562726725441846,0.8691775040088623,0.4661407856755495
525,-1,-1,-1,0.1908360600726614,0.3380593474563739,0.7341829846049144
526,-1,-1,0,0.7957733096050463,0.3574797883664542,0.5243934172511809
527,-1,2,5,0.7148182972864059,0.9712120374304524,0.7344009873514166
528,21,-1,2,0.1279013361133172,0.1079246058521042,0.3409869145342311
529,-1,-1,0,0.9575657627665508,0.5686133587335782,0.7975505659665277
530,-1,0,0,0.937741615724696,0.3928957906611851,0.9641117664884328
531,-1,-1,1,0.907911661482746,0.1483117500273358,0.2043901266462199
532,41,1,4,0.3345179406575812,0.3153235494744406,0.4331856863346851
533,34,1,1,0.0871724118224087,0.5543816997738967,0.8022521101891692
534,31,2,0,0.2154917047734257,0.2012600130211719,0.4378911215223648
535,-1,1,2,0.8793462146185657,0.8406703798047979,0.7386995315341895
536,-1,-1,3,0.3790715357386917,0.5006025849355085,0.1975591639509308
537,37,-1,1,0.096859565239846,0.7548627198758606,0.4837159843816837
538,38,2,4,0.2791694571858456,0.9546224509661454,0.7679054412601483
539,43,-1,-1,0.5731830787584218,0.1630057177875739,0.1222832911271702
540,15,-1,0,0.1753664945394906,0.5235172372148296,0.8300642891601344
541,-1,1,1,0.3938698233038741,0.465072403646111,0.8415812776852829
542,-1,0,0,0.7997991775273984,0.9275634969579352,0.5731127932628549
543,10,1,2,0.3542506104281135,0.9529385815212864,0.7794638984908224
544,-1,2,2,0.8777109940706896,0.6282272436371721,0.7349174938611471
545,40,-1,4,0.6149055355692837,0.3301059932965189,0.128608600754314
546,-1,-1,4,0.6656928330220574,0.4958689391467888,0.7422605448896679
547,-1,1,-1,0.8823767704945666,0.3164043950780032,0.0625363974599008
548,-1,2,2,0.0664291267998444,0.3611147779561653,0.4636979288105055
549,-1,-1,5,0.8687907572298473,0.8756989969269368,0.6784421171100454
550,40,2,5,0.6293065427431549,0.0856077508097254,0.9913680978834886
551,-1,2,1,0.9850315077977528,0.3385129550236128,0.1960056332297903
552,5,0,5,0.2365692076087634,0.6885409667950945,0.4543801499415117
553,-1,1,3,0.9914265551360294,0.7275488488287021,0.0974319450051804
554,9,1,3,0.4531949463653213,0.7012340997837192,0.0441975057119207
555,17,1,2,0.7578239112522782,0.3917182201581016,0.2543484123516553
556,29,-1,-1,0.1921658577426934,0.1920683800444008,0.5482894738128582
557,-1,2,3,0.5433927290053747,0.6292629056875807,0.3165921154316344
558,15,2,0,0.7454297140852045,0.7460283639600852,0.2160902832589211
559,-1,1,2,0.3133926937733983,0.8958008837349547,0.621866503944908
560,43,2,1,0.7651904746618927,0.453759842016324,0.5174182174095158
561,13,-1,5,0.5794839260279151,0.3684671955766808,0.6921806259261609
562,4,-1,1,0.3674267850174816,0.9731737388260534,0.6449201667910981
563,15,0,3,0.446333201960871,0.0882734465413813,0.1388024964530735
564,-1,-1,2,0.8909976493674795,0.6355583177600369,0.2487531120009948
565,16,-1,1,0.470789460989837,0.6185393520815554,0.5914275734362093
566,-1,1,1,0.8402788855093197,0.3070758271192941,0.8862731456924872
567,22,1,2,0.086698726464552,0.5927413756624171,0.6010356124958535
568,-1,2,1,0.6871700252988676,0.996003423234582,0.0700408036013918
569,6,2,0,0.4967434890264957,0.8608732226803465,0.1366894433723523
570,16,-1,4,0.5412232741919609,0.8416850241885314,0.6217716574242512
571,35,1,5,0.3267527965821917,0.4104674967442988,0.7265857174567574
572,17,0,4,0.7897252910129329,0.0959898404528285,0.7587852861317723
573,-1,1,4,0.5750250735328496,0.233537795308562,0.8126035266074536
574,7,2,4,0.1026863829934557,0.6857581379282633,0.674530109466982
575,-1,1,0,0.4313537807499192,0.4373839105406292,0.7461624266733369
576,23,-1,2,0.1260574871401935,0.4966481102975192,0.1073464784050824
577,26,1,4,0.1789031282631609,0.6741447609636398,0.5282951338502796
578,-1,0,-1,0.110277763338075,0.0070479252036964,0.98904256371374
579,-1,0,0,0.2251312241285146,0.5477749974964687,0.6255485735669937
580,19,-1,0,0.629208898571818,0.7445814813916874,0.8569772485026534
581,-1,-1,5,0.6006935069976956,0.8019430039900604,0.2944320780960273
582,9,1,-1,0.2761056705368357,0.4702875167358287,0.362911663669101
583,38,1,-1,0.7181715211413731,0.2402288949204601,0.5801106931691712
584,5,2,0,0.455340335868393,0.1971004204893435,0.0709388313761122
585,42,1,3,0.986055237838879,0.8353267234395615,0.7843341139752449
586,2,2,5,0.4183597520725288,0.8054039551796037,0.5336979978006436
587,35,2,0,0.6512243079337631,0.3698196131422608,0.4188080691552728
588,-1,1,5,0.3808365599791447,0.2155710308274746,0.351114437925962
589,23,1,0,0.4414395371372684,0.8295652572921985,0.6248089232746638
590,29,2,4,0.7012600687817482,0.7174081823627216,0.6288357384093395
591,26,1,1,0.8697274681455441,0.9708832827401344,0.0375551088900127
592,4,-1,-1,0.8033865938764958,0.2195604149070135,0.010382543738612
593,-1,-1,5,0.1277459968695613,0.2281495771092486,0.0203986734379572
594,42,1,2,0.9882141715063896,0.239295058483405,0.9116647566691662
595,-1,0,3,0.3894316614829272,0.064192592881907,0.434885031428149
596,-1,-1,-1,0.9508063769461148,0.5489052371367706,0.5093675189194559
597,-1,2,5,0.5427963744303815,0.3675519835982541,0.9879903598431692
598,37,2,0,0.4736067210790515,0.8743508395839463,0.2908931396419482
599,-1,-1,2,0.2920379372372542,0.794834728179941,0.3492840503839381
600,8,-1,4,0.5818518561405627,0.8920926384647078,0.9897574784139376
601,-1,-1,5,0.6383890820452062,0.2829189057421318,0.4801139227269542
602,-1,0,0,0.1510406563674987,0.3165158497466629,0.6872674298334966
603,-1,0,2,0.947995538379949,0.0203090077035322,0.2756854150855716
604,10,-1,3,0.0229021523483783,0.15491043498995,0.5022486104047592
605,-1,2,-1,0.2846625644520131,0.5622230306894732,0.2548486415197265
606,26,1,5,0.7504203861529745,0.0066285040253952,0.942852150217736
607,14,1,2,0.4805553079313267,0.9970404909025748,0.162616315743959
608,32,1,5,0.1089020226554572,0.1786473357246655,0.2640565878592857
609,-1,0,-1,0.9358452333410084,0.9413874031389916,0.4055938594835711
610,-1,1,-1,0.2281332227951741,0.0976501849212491,0.6811340688298027
611,37,2,4,0.4567073157768015,0.9166947246772624,0.2323136876988858
612,-1,0,3,0.1765969691781107,0.919920393783812,0.7783348311718367
613,29,0,5,0.4536392565606543,0.9867828368123088,0.6129302851739324
614,-1,1,-1,0.9284532549596072,0.413774791683578,0.1371766291398002
615,19,2,2,0.4305558943064077,0.2040457272380719,0.1337254865245261
616,-1,0,1,0.3064778299609434,0.7355013605619047,0.7886741856842714
617,16,2,1,0.1676939283560101,0.7294637055696653,0.7660819952380601
618,2,-1,2,0.4442606614711519,0.9787144187274004,0.3788796201498944
619,-1,-1,2,0.67221157463692,0.7583287401172715,0.6268772264326884
620,15,2,-1,0.3487777473803194,0.4051109545779473,0.9517589663025148
621,-1,2,4,0.397166743011448,0.0827688503262947,0.719872433715499
622,-1,-1,4,0.352200136028366,0.525590857021345,0.6100589687028617
623,-1,-1,5,0.8015653458077076,0.3081326351303841,0.2102563494523657
624,-1,-1,5,0.5605402943002586,0.830755561003069,0.377574136361596
625,-1,-1,3,0.4714365942078439,0.193770119651334,0.8357818137488677
626,-1,2,3,0.1462260787249734,0.6616890415678794,0.952582310423094
627,-1,2,1,0.1186489704724591,0.1557466278936921,0.1464210862110035
628,18,2,2,0.1517369761632125,0.2740119137677448,0.0157569934372268
629,-1,1,4,0.4000914630040226,0.7837362380826942,0.1492530705325617
630,36,0,-1,0.0231604346626748,0.2034183029215571,0.7190511461427789
631,-1,1,0,0.4727642592712887,0.1807888783927618,0.3601408184537662
632,5,0,5,0.3466010134091569,0.3601067435382871,0.0881335963243249
633,-1,-1,0,0.6504382411864535,0.663783725537788,0.9882905666314508
634,-1,1,2,0.7822316700496961,0.8499273318141717,0.6885685632246784
635,21,0,2,0.0335680572634181,0.930033359312984,0.2140256726819476
636,21,1,0,0.6355822884130459,0.3799633817412612,0.8218814206542296
637,31,-1,3,0.3557023346241911,0.0977380766040653,0.9532348827944228
638,23,0,4,0.2902657037508799,0.3430959026829189,0.0658300489845294
639,36,2,1,0.8175548142701322,0.9975910342328907,0.1592567923930714
640,-1,-1,4,0.913870454562406,0.9541615448178667,0.6084591736389205
641,-1,2,-1,0.9446271489180288,0.7607804271739317,0.8628735001603897
642,5,2,0,0.2724738536807274,0.2306862122062007,0.3915332583903232
643,-1,1,3,0.5737579497578924,0.7642444425913112,0.2194704506382591
644,22,0,5,0.7504187021314007,0.0921370077922976,0.8730167186214762
645,-1,2,0,0.6025322587808022,0.6703625054657673,0.10890367191643
646,-1,-1,-1,0.766792780225147,0.2600922998787623,0.2975779226906823
647,27,1,3,0.8566247374809841,0.0766616703905338,0.2082425357262486
648,20,2,1,0.5927327644588715,0.5105574008929381,0.7559073492806216
649,28,1,5,0.6854208142863838,0.0763755414094037,0.9129993097491615
650,16,1,-1,0.1321926965698298,0.5125578208847872,0.9313524655404368
651,-1,2,-1,0.5884729349601977,0.4230620720178416,0.0738971244823039
652,29,1,5,0.964345818863856,0.0703173258740391,0.8033123231950663
653,15,-1,4,0.2321189489710836,0.7439138383600075,0.6996888953534575
654,3,-1,5,0.0182424129079712,0.3819866488455407,0.4655198648772441
655,20,-1,1,0.0359864435711504,0.6784699353254384,0.9048090031817873
656,-1,2,2,0.7172792776951737,0.8359919474473546,0.3399418011489868
657,3,-1,1,0.7221051604155327,0.7539038228585329,0.4063045103477599
658,-1,-1,3,0.934411229989722,0.3733356388489702,0.1694829843316782
659,-1,1,4,0.6219993152310488,0.9094275934469506,0.7887792084199433
660,19,2,4,0.8785358465362968,0.6673582830518912,0.5009084217952087
661,-1,2,-1,0.5850876498915384,0.220748210536819,0.3841460918911971
662,-1,-1,4,0.438289544953952,0.449265997492261,0.0131452334594586
663,21,-1,4,0.6849800097010753,0.624570591879998,0.6870597210963115
664,43,0,4,0.394778182711496,0.6873442246446193,0.6617641233475117
665,34,0,5,0.5644308623630047,0.9763699465198376,0.6244976281284861
666,-1,1,1,0.6744155277610683,0.2284618775389023,0.6186396697432333
667,38,2,-1,0.1730845071244255,0.904642829492372,0.5025919081750763
668,-1,1,0,0.2170966811851812,0.7440741821396988,0.2173046309332827
669,35,1,-1,0.0085917516428383,0.7385944673381902,0.318684414663049
670,-1,0,1,0.4560992509968958,0.6544959489014696,0.265220646174694
671,17,-1,1,0.1068030412070298,0.5471459609133166,0.0547485387793869
672,-1,2,1,0.9565424689602156,0.0767082472024732,0.8980158727054078
673,41,1,0,0.7824912014496226,0.6688260691592762,0.8951522616429439
674,-1,-1,-1,0.4708299058988131,0.1222940217152318,0.19246554143365
675,20,2,3,0.8377297162598255,0.3096305909405101,0.6496255952171553
676,41,0,-1,0.2984456911022404,0.5549914226699663,0.4898610551261708
677,-1,0,4,0.8737901138430388,0.6966256676650739,0.2345031843342344
678,38,0,4,0.5344534782138655,0.3160290971770974,0.276536487036738
679,20,1,0,0.5001422489643065,0.2199505349891201,0.5996639095651848
680,9,-1,2,0.5206432407740778,0.8133231186253808,0.6618550414925393
681,11,-1,4,0.2560207864578974,0.1955298418816954,0.020951614611632
682,-1,1,0,0.0275472142979429,0.903762213080884,0.5534143949225583
683,28,-1,1,0.6512307395213106,0.982660674049108,0.9441297924317418
684,-1,2,5,0.0340659049110193,0.9306851996377772,0.028456616388473
685,40,0,-1,0.3650290276679514,0.6952095595910809,0.1496583640818702
686,11,2,2,0.4939134096515314,0.0751591643933965,0.13589146252112
687,1,0,4,0.7877374781451102,0.8061515915458607,0.9027661454376342
688,18,-1,5,0.2692096898974507,0.4059820020086728,0.4386752393637781
689,32,2,-1,0.5099487933514572,0.8958974791339017,0.4972443602691059
690,22,-1,3,0.1871119599983677,0.6786667290003212,0.9094009048706052
691,-1,0,4,0.294430584575271,0.1286835696392608,0.6519935970273782
692,40,0,0,0.7499903083854799,0.8557819166115862,0.2639216063075084
693,-1,0,3,0.0447369184942502,0.1072080049083362,0.6687599502959095
694,27,-1,0,0.1834969525191563,0.2428811878183984,0.0186996341215071
695,28,2,0,0.8810044186399337,0.1221070716877493,0.9084681284592722
696,41,1,5,0.6245042210798685,0.2377330254691958,0.0598996164580087
697,43,-1,1,0.0314638503850607,0.6898520799506493,0.0537162930576905
698,-1,1,5,0.8509556356096023,0.8240358111915274,0.3021542063728109
699,-1,2,3,0.8344981136988645,0.9372406532487508,0.983954560154708
700,1,1,-1,0.3370214510645206,0.1817817814299636,0.7737329292422724
701,28,1,1,0.5957756448474227,0.1744699507961328,0.8795763938772853
702,-1,0,0,0.8301854992532592,0.796993205309477,0.6677666703542758
703,-1,1,3,0.0989814854655122,0.0329729695637296,0.3556870187031827
704,-1,-1,0,0.1524505841571353,0.2439541695825346,0.6078121758739956
705,14,0,4,0.5080869553109747,0.4951163635166635,0.3421495363829975
706,23,2,-1,0.2396328018931087,0.9267793664409776,0.1028384755325328
707,-1,-1,1,0.6912296233894506,0.5759083929113845,0.2057735143629189
708,-1,0,0,0.1635250392818312,0.9996219122695648,0.0233470177817115
709,-1,1,5,0.8520389912332751,0.0691066483077371,0.066491622663764
710,-1,2,3,0.816414909149577,0.6880490445594809,0.708784077833086
711,9,1,4,0.4208616100937421,0.0485798809969374,0.6517897303611421
712,-1,-1,-1,0.4625898606964439,0.8792845113109452,0.593110408446354
713,38,1,5,0.6272967594523207,0.900782223994867,0.5266622439800528
714,-1,0,2,0.5439281564219235,0.0392603338982174,0.057772422770619
715,15,0,-1,0.8305498666900175,0.1969712082355299,0.4094323667914974
716,-1,0,3,0.1764252687800525,0.0496563819332042,0.6735294888347313
717,0,1,5,0.1987109828992784,0.853486253833605,0.4411265629224659
718,43,2,4,0.8798398475692855,0.8076231477366895,0.9084447287642652
719,34,-1,-1,0.2421508836857027,0.5706648242308682,0.2959628670342897
720,-1,2,4,0.4309690656782075,0.1900816251031032,0.7074884789377388
721,22,2,-1,0.3623739184958741,0.2982318430559496,0.5270181772751624
722,15,1,2,0.8710656596237899,0.803123033287927,0.2962860244430944
723,30,0,-1,0.4158941876049544,0.346071870180584,0.8757718046985652
724,30,2,0,0.3279491892360233,0.2120204249423719,0.7481771120727954
725,17,-1,3,0.359132840596801,0.7894958195411499,0.007457541823774
726,5,0,4,0.3369115047671339,0.8330236136442752,0.542544343115103
727,42,-1,3,0.032695533754683,0.0202453240476868,0.8011144647051149
728,6,1,1,0.19545443680497,0.5886672917133633,0.7018272704736165
729,-1,1,0,0.1426312603280464,0.6585505211190028,0.5504828188430402
730,13,2,4,0.6494439856262183,0.1799982031970788,0.0593519588425522
731,-1,-1,5,0.2392587179313274,0.0527934916225829,0.6184735893116996
732,38,1,5,0.0486424804319027,0.6828830038494743,0.8455251496879609
733,25,1,3,0.7158466935973884,0.3536920817911512,0.5148353176383778
734,42,1,4,0.1512019754284252,0.1573116527005867,0.9463666770423894
735,-1,2,5,0.9162611002537578,0.722623599226559,0.8328098991771345
736,-1,1,0,0.4356925387325749,0.7770136429062455,0.4872835423992371
737,-1,1,2,0.2451265735613544,0.1647450224161337,0.0165400709183516
738,28,1,2,0.1303760520317608,0.3815043099012358,0.5197370570548699
739,-1,0,0,0.6178371257216059,0.3757372598266747,0.8984344431071457
740,14,2,1,0.7464581105752487,0.5674747872123715,0.0611404086850123
741,-1,1,5,0.677498856949526,0.6968480757860015,0.2780721404767856
742,-1,1,3,0.0678117474309341,0.3955876600315412,0.1680168379135455
743,-1,-1,1,0.1331550257659017,0.3369170831875204,0.8629171426470456
744,11,2,4,0.3829925318817038,0.4928307390621388,0.8132195435629866
745,10,2,0,0.8121674436621587,0.254478220808729,0.1653277886154761
746,-1,2,3,0.6556519636714769,0.3836191175855282,0.9480186063262738
747,43,-1,3,0.5636044033985536,0.9735931309633388,0.6610725092842493
748,3,2,5,0.2071331857588876,0.4567420167419611,0.6649059898365419
749,34,0,5,0.9566023854070604,0.4881101746389158,0.8872630141394116
750,-1,1,1,0.7620639478956985,0.5253828497384255,0.4774294556743803
751,14,1,5,0.2722698179760093,0.911740026767188,0.9009357892111296
752,11,-1,0,0.9193708777596542,0.7891667327384267,0.0332212932494486
753,-1,2,-1,0.9562571688094248,0.8470971914191577,0.7023765312445965
754,10,0,4,0.5490907479737223,0.0374138902546082,0.2956507592779118
755,-1,0,2,0.3526149490378898,0.5528021823819322,0.0018169367461633
756,-1,-1,3,0.0717742905376415,0.5351640485846262,0.586689735578406
757,-1,2,5,0.0818409519889185,0.127765052967656,0.327013887442537
758,-1,-1,4,0.5697728380167102,0.5476696093882616,0.0963392659966273
759,-1,0,2,0.2831479191704865,0.823476634129636,0.8457050104339668
760,-1,0,-1,0.9101032402458424,0.8137415283504289,0.7193738915725508
761,-1,-1,1,0.7166800715633743,0.599091089396615,0.4322599181909126
762,-1,1,4,0.1661264109842188,0.023022072093518,0.5851740413307923
763,40,2,2,0.8187485315805816,0.484140709924089,0.1057912955035558
764,-1,2,0,0.0847192418199267,0.8347769629125412,0.8577508973565573
765,28,-1,2,0.0052283248092513,0.6328815696100957,0.3402885163554944
766,-1,-1,3,0.2130265784972057,0.6105810039855388,0.8473728819634242
767,-1,0,2,0.7892142537388172,0.7815572693820985,0.0132275263411426
768,40,1,5,0.7689171746372518,0.7981924814724539,0.8736673734965759
769,5,-1,4,0.9755263305742108,0.1248320869153422,0.953213722528012
770,29,2,2,0.3228484711118948,0.0579863533310153,0.8286050968481894
771,43,-1,-1,0.4459446516173219,0.0075916867670958,0.501926867216302
772,19,2,-1,0.345382325478389,0.3882612951743164,0.2071399268144684
773,22,-1,1,0.5845060969236711,0.5097718864587985,0.3628970460263715
774,19,0,4,0.6316175618531622,0.652309372846008,0.6188365271814701
775,30,-1,0,0.5075683668915181,0.3122170738408625,0.4137617827122959
776,41,2,5,0.4784956906673495,0.3288480064398699,0.3830651375474143
777,0,0,1,0.7167108599056037,0.4402524218000992,0.0025938275592285
778,-1,1,0,0.5806246170800627,0.8743731955254737,0.5876351906608307
779,21,2,4,0.1898606968740849,0.9748173151170656,0.3201277114156677
780,32,1,5,0.8588999947816235,0.0474169573985515,0.2246963555542013
781,30,-1,3,0.1658552825880853,0.6576020504427295,0.8055606258737824
782,-1,-1,2,0.5148315869300735,0.6719850544842211,0.1076838616515551
783,10,1,4,0.1783962863742988,0.97516356425206,0.1267445787805159
784,14,-1,3,0.8334404867583132,0.3471803642963466,0.9846725938267852
785,8,-1,3,0.1628284701928489,0.0590642343914211,0.6342031055841385
786,2,1,4,0.1531792913026471,0.2905133730866729,0.3276218579591424
787,-1,0,3,0.3428272898707745,0.3356548199009729,0.5267937926105734
788,16,1,4,0.5234292344415608,0.9328108182043516,0.95310282061869
789,-1,2,4,0.6936649334994219,0.2413563963848015,0.2810022109424708
790,36,2,-1,0.7433163688865374,0.9306228327099964,0.7660873925907328
791,17,1,0,0.8033544559485194,0.2771551136839654,0.9061309734108752
792,41,2,0,0.8690048422035215,0.1389111111147476,0.3415173521737048
793,37,2,4,0.513763785111326,0.236940386268289,0.9538246075439616
794,-1,0,3,0.0621895884041775,0.8068426523153226,0.4143418402113187
795,34,0,0,0.7919786516386683,0.2002444906487542,0.2245454003743142
796,-1,-1,4,0.7603786817961253,0.7006082267426205,0.0696992912392188
797,-1,1,0,0.3828644104202799,0.4334846167320402,0.5037569434034143
798,11,1,5,0.1250259317706527,0.5438216210859498,0.4468433433727138
799,9,-1,1,0.5942022848029637,0.1365327665832082,0.2426871932714578
800,-1,-1,1,0.8696588057974247,0.4124478535265639,0.401677046869986
801,26,1,0,0.923680487082571,0.3017663583682941,0.0108333276640421
802,-1,1,5,0.0054851577081271,0.3096627106636475,0.0073828111121291
803,-1,2,5,0.6915101815747308,0.937709945642261,0.8624096828288924
804,16,0,2,0.3439583944258559,0.1038008435402536,0.5119608779889944
805,23,1,-1,0.7848640344787485,0.1019290222944259,0.3651773962121024
806,-1,1,0,0.7853076610905595,0.2494154547609629,0.2677906355471829
807,41,0,0,0.8481348292392035,0.2155638890937388,0.71895993837449
808,11,1,4,0.4215633139434339,0.7874577188377123,0.481153600959701
809,16,-1,4,0.1254681655099048,0.1325377482755346,0.0325998295823628
810,40,1,1,0.9023494504377008,0.2406106337300397,0.8506254352504381
811,-1,1,0,0.6097980318434152,0.2547558284622794,0.3591620271808007
812,-1,1,-1,0.2759517657123767,0.4044323203400018,0.9600720508581746
813,15,1,-1,0.0120187026727919,0.4014653358404775,0.0163887055213907
814,7,-1,2,0.4441166682237122,0.1391739103389803,0.669524706178938
815,-1,-1,3,0.783093272037616,0.5049263630305896,0.2921202728740583
816,37,2,0,0.205663979470923,0.0896686008776199,0.3102302788236449
817,8,-1,4,0.4194787881240733,0.6282877025932264,0.5396524908707317
818,2,-1,1,0.5068398974148179,0.2873139533471593,0.3175733513218272
819,32,2,0,0.9531806934206092,0.2378165507123865,0.2035989811025617
820,-1,1,1,0.1014357560963671,0.3793401955147619,0.8633931081689696
821,39,2,1,0.8813516728139492,0.721586291691009,0.4186588013574837
822,26,0,0,0.4232268323371955,0.0835011046671861,0.2371336753284495
823,-1,1,0,0.8515089183848942,0.5731345755446622,0.6726687642497764
824,11,-1,2,0.6603330939721951,0.8180578556242174,0.0715371321007461
825,-1,0,5,0.4821078186974373,0.0597170460588089,0.7621307011535153
826,10,2,5,0.3564210577256271,0.0403145772492357,0.2259613132023935
827,43,-1,2,0.8675190038882433,0.4991139142950767,0.8271959506898741
828,33,2,0,0.2838002971734722,0.9453053330005964,0.7784883975977193
829,36,2,5,0.9922480963450492,0.6673748688843318,0.0377054287527068
830,43,1,3,0.2353236577050078,0.0523876127511446,0.577210620635079
831,-1,1,-1,0.8626252360588066,0.5387688119553588,0.9062540726874744
832,-1,-1,0,0.8707857942970398,0.3556427262109642,0.7242524041447118
833,36,1,5,0.9517333647495406,0.6914977574544005,0.187392646354161
834,-1,2,1,0.3091527234634129,0.4632446424165028,0.3088892479486796
835,-1,0,1,0.1863618627228404,0.502932950495288,0.0297993671745945
836,0,1,5,0.1367343953387458,0.8532588047748197,0.0100094550235171
837,-1,-1,-1,0.5917695722837754,0.4959050971100555,0.8320250574832994
838,-1,1,4,0.4166760599141298,0.8460415312573899,0.4587730916519434
839,10,2,3,0.6347986304270395,0.9029720921588372,0.6827670401559739
840,2,2,-1,0.7869596065950922,0.5983269192725841,0.2193173164165743
841,39,1,4,0.4244195834297347,0.5368306835665527,0.4741965314551418
842,-1,1,2,0.7363993492359168,0.6967510965210649,0.735491201809687
843,-1,-1,-1,0.9942677989477984,0.1808932853093047,0.7435261410447775
844,-1,0,3,0.9656963762285544,0.256291306904562,0.3114462194092673
845,22,-1,3,0.2616288905409215,0.4074665316251362,0.4992432492573532
846,6,2,3,0.3152802240468455,0.1294653191780671,0.0929607700995336
847,5,2,5,0.1053486182580418,0.8810476449218043,0.5328780976043082
848,11,1,-1,0.5445657363353222,0.6727591121553643,0.3652551609789588
849,-1,2,2,0.4386797783415818,0.1532408508758401,0.4555150173449205
850,-1,-1,4,0.4369427782549725,0.4686764498298312,0.8427269570086009
851,9,1,5,0.5557923010079364,0.1376335747893846,0.4052174099527382
852,-1,2,4,0.4710978223454625,0.138660625574571,0.701608398017384
853,5,1,2,0.6068639073970087,0.7105055948394396,0.3173939843647582
854,12,1,4,0.1797377854903852,0.6306190814257961,0.7774546176362478
855,-1,0,0,0.839833861766851,0.0505636050272687,0.8479703168408139
856,27,1,-1,0.9570517480956932,0.3430014775069456,0.9372950698618894
857,-1,1,5,0.4218689097043457,0.8884039055824319,0.5037825208457506
858,-1,2,-1,0.2588844119312918,0.6139129140229082,0.4666981154861442
859,34,-1,2,0.4887957757633253,0.1744661415040299,0.8966066221003227
860,19,-1,2,0.9119049498003092,0.2271885324401935,0.7675206565698848
861,-1,1,1,0.9303644999518652,0.0781432244773319,0.4502031318657085
862,-1,1,5,0.7539288985748701,0.2128415614815316,0.0519909281676351
863,12,2,3,0.1920583893950392,0.8818183446507482,0.6663297124034496
864,-1,0,-1,0.7249634502615911,0.9274233443808708,0.1695875035567697
865,-1,1,1,0.7255712328707542,0.2676996553506707,0.5526785992136527
866,-1,2,2,0.3266132980554739,0.2676195971757624,0.7895002323577957
867,22,0,3,0.9613544630087004,0.3628904757404019,0.6520613826039469
868,21,0,5,0.3956336400918786,0.3336255880936238,0.6164793756782511
869,-1,0,-1,0.8066987077147246,0.7838548971802376,0.8226542124877823
870,0,2,2,0.97945857956181,0.7675804433313126,0.3385894262486055
871,-1,2,-1,0.5640617233579484,0.3140178855262581,0.484081899820919
872,-1,-1,5,0.0663246042170044,0.4056809380164887,0.6668329534777974
873,10,0,5,0.5736928457907194,0.1722169889800692,0.2357870456390896
874,3,2,-1,0.6396366427498968,0.9963012717532076,0.8488977391917121
875,-1,1,5,0.3825864896815378,0.8954616586421423,0.9006133596131165
876,9,1,2,0.4989791285867773,0.0772249492341137,0.2778030377171423
877,-1,-1,1,0.3243713236099733,0.3548773787770549,0.8271576390763864
878,20,0,1,0.7298341301249609,0.5103475389097748,0.8552491696770825
879,-1,-1,4,0.428384316793109,0.6681159146372386,0.3785137663287453
880,43,1,-1,0.2048789713026912,0.6321737838834188,0.3194248659420433
881,24,-1,3,0.1668107619424066,0.8936287859706058,0.9143760452004348
882,-1,2,1,0.965111488690742,0.1771695623954192,0.8469670450591001
883,-1,2,2,0.5744064962376828,0.5201870467829025,0.6435035166332166
884,-1,0,2,0.6565365064812381,0.7278816010072142,0.1411123302548382
885,15,1,5,0.962024037361946,0.6875005433996483,0.6296852429358801
886,43,0,5,0.4048584107992657,0.1397640238087405,0.3188196639485641
887,42,1,-1,0.4521383650667856,0.8938420757803983,0.5215857981045419
888,26,1,5,0.8300704459646415,0.9767439202773064,0.1199481018238319
889,-1,1,2,0.0019601437693407,0.3056274306973214,0.8091781952128172
890,14,1,1,0.6083678901357519,0.3518989048359672,0.7421123274923882
891,23,2,0,0.2048591518981535,0.2537541795413441,0.9752322036078592
892,-1,2,3,0.8263320660465451,0.3577703170433481,0.3305109291346733
893,-1,1,4,0.8402744906407313,0.1110376216740713,0.0414640321426631
894,2,0,2,0.361256721239367,0.3849954433768602,0.848231044452568
895,-1,1,-1,0.4720886150690903,0.3331628017454329,0.8147896079893452
896,34,1,1,0.7422844552234753,0.4621955985378251,0.5661143231357494
897,10,-1,4,0.9237034429651684,0.1258743154735071,0.0358508708167664
898,-1,-1,4,0.5480557241406634,0.770091234249529,0.1056492657654686
899,-1,0,-1,0.5036047585972296,0.4157162933697702,0.4191791661939403
900,7,0,1,0.8882335023155234,0.974118858787265,0.1620583624669525
901,-1,2,1,0.0567998873796299,0.6948257092209135,0.0638985081525101
902,-1,2,2,0.5459316640877658,0.0865893176813309,0.1730107303565848
903,-1,-1,0,0.4475953233562387,0.9064191844460706,0.3467728030096184
904,-1,2,-1,0.5588895236146412,0.7614453543943022,0.5483828385386927
905,37,1,1,0.7385484773550788,0.2069835792237666,0.0782637436049084
906,-1,0,0,0.6578000746276341,0.7751847233576448,0.2742275962687337
907,39,2,2,0.6685553091203711,0.0418406282835103,0.0388850129987827
908,28,0,1,0.6877321474537408,0.1716775967217472,0.50984274069846
909,-1,1,5,0.4363168357884313,0.3291748696466156,0.3211298771796785
910,-1,2,4,0.0576652288512283,0.0776085887197897,0.898517705942792
911,22,1,0,0.1554457642668982,0.0205906476444103,0.7541904577567634
912,-1,-1,-1,0.4966784934479693,0.7325922145956006,0.1952954802022206
913,23,0,2,0.7299859978749892,0.5437754460880645,0.2022936236239529
914,1,2,4,0.5542421487550743,0.4977982536989743,0.5228472767051714
915,-1,-1,2,0.6955869052464448,0.4915798351358047,0.394738570298324
916,-1,0,3,0.3293685228361667,0.4577626990622451,0.1236210446195806
917,10,2,2,0.5905101404172886,0.5453050991191943,0.5763810338341641
918,-1,1,1,0.2490218152187668,0.4617687028274488,0.9453663219867572
919,-1,0,2,0.6338720569762575,0.62054986113939,0.018751462843683
920,33,-1,1,0.9764057186771276,0.1687107237171567,0.5396773071585479
921,0,-1,0,0.9236422745788788,0.3038854716276982,0.4528616829465379
922,-1,0,4,0.582893806267151,0.254083760277028,0.8118582516830795
923,31,1,5,0.6501373973778107,0.8089041224355451,0.9493411565035296
924,-1,2,5,0.9238674477794618,0.402437399946474,0.8690744126975403
925,-1,0,4,0.4075457235466759,0.0858547531431674,0.8699070581855703
926,-1,2,3,0.5953237103777929,0.429350029344408,0.0763015208100047
927,35,2,5,0.793883465841385,0.0188083267774713,0.8472387920599198
928,22,0,4,0.3444109508321608,0.1517345045811927,0.4416364279647083
929,-1,1,1,0.9981308334902596,0.8984988347720514,0.7570242087540174
930,16,-1,3,0.9387397854232676,0.7404182674032872,0.396460223420906
931,-1,0,2,0.8185364603554705,0.1703319249237628,0.9685983186679502
932,-1,2,-1,0.70879742809599,0.1264261970347574,0.7024379379969978
933,42,-1,4,0.543717318691283,0.7146301783039775,0.416079816727666
934,35,2,0,0.3016571996801819,0.8636441206681368,0.3207233238129736
935,33,-1,0,0.2142461959486937,0.3520347769693173,0.9238746625594862
936,-1,-1,5,0.2286985043677635,0.995692017166738,0.6659495251915798
937,-1,1,1,0.7299308618827595,0.5891937522650643,0.4734194086876874
938,-1,0,5,0.858884694460579,0.8559010731069441,0.9680976614816236
939,-1,-1,1,0.5702894749772792,0.2265058285204078,0.638644724240948
940,0,2,-1,0.7270265272868999,0.8889596974356828,0.6972487377593756
941,39,1,4,0.6093234891217557,0.557079845770418,0.6526712649606526
942,-1,1,0,0.8917237118368738,0.375781783407614,0.4030109704268972
943,35,1,5,0.684844556481028,0.636250692265707,0.0314755068778686
944,-1,0,0,0.7346696196674085,0.407690959574458,0.6970238688395081
945,-1,-1,3,0.5912046374387867,0.7602176414223516,0.1639217084857467
946,11,-1,5,0.8903998132052072,0.8339758608483536,0.7278236576182827
947,43,1,2,0.9379572921082736,0.0505104971760662,0.2847901500337478
948,36,1,5,0.8266880546293027,0.4082818115227936,0.3752701198328737
949,-1,-1,3,0.0040096418859917,0.9209811815153268,0.7576659520167888
950,30,2,1,0.987507034702351,0.894763553914464,0.2303795407081307
951,-1,0,3,0.8196501846213688,0.4960577252935609,0.9065566569600182
952,23,1,5,0.0564362233989877,0.8405251912694469,0.1524593660931098
953,-1,2,4,0.2421956970847351,0.3663758734960592,0.0466927876193065
954,-1,2,-1,0.7192371466874136,0.5754641620516049,0.6884220641820565
955,-1,1,2,0.6239533141256203,0.9843609653896292,0.1276239020967641
956,29,1,2,0.808194011748078,0.8982216285215032,0.5098672690248234
957,0,0,4,0.2361834930362194,0.9896383920261488,0.6106438276756821
958,32,-1,0,0.5813706185538258,0.3834361983492653,0.4395247949134275
959,-1,0,0,0.0395151999380127,0.8039589894859411,0.1106516053083096
960,-1,1,-1,0.902982499175271,0.8867883443250546,0.4305413010892138
961,23,0,0,0.0447862763945696,0.4149204871117545,0.8059182539834244
962,31,0,5,0.224622763416639,0.0503151756982163,0.2473000118601019
963,4,-1,3,0.8255977366960697,0.3904492297039722,0.1203265084652543
964,36,0,0,0.1424901188865478,0.1077280039162474,0.9138014433019528
965,-1,2,2,0.971930720168946,0.6964944276541368,0.489949528604063
966,13,-1,4,0.4897289586852996,0.8669983725027072,0.1071565419627352
967,0,-1,5,0.8733106533367405,0.1824191973164732,0.873776365851785
968,-1,2,2,0.8260822286253777,0.6274772403162091,0.5975340926446425
969,-1,0,4,0.585588289949357,0.772458960400411,0.8964847181477417
970,-1,-1,0,0.7673405190106589,0.643439744119725,0.2473082495610531
971,-1,1,2,0.0060348040238338,0.913691630793518,0.4438557721774652
972,-1,2,0,0.846651699816225,0.5524848943967766,0.2892173323798778
973,3,1,3,0.5527944702378896,0.3192419631596587,0.6259127683237967
974,34,0,3,0.187596071143583,0.7347082879570136,0.3508312729989853
975,10,2,0,0.6725130747880681,0.3431680019052269,0.0501548850191708
976,-1,-1,3,0.4675516514796755,0.8180241932539045,0.1778612315131634
977,14,0,0,0.6927825839018315,0.0800468574450687,0.5489881570978715
978,41,-1,3,0.234780261182816,0.3432444691167048,0.9100875246343396
979,-1,0,0,0.4485423024918205,0.6776098854175033,0.1393361247849439
980,0,-1,0,0.6075455415026672,0.7976741743006612,0.2381289633716089
981,-1,2,-1,0.8356687819674328,0.9614737580796056,0.7068289100682861
982,-1,2,1,0.6289591725132366,0.9349455196632096,0.9344225771894924
983,-1,0,0,0.0433635850084463,0.2218265342950947,0.4425256759947729
984,-1,-1,3,0.8525559670045821,0.6308075417848696,0.5679505301038937
985,-1,-1,1,0.1990780974970765,0.7908854275342504,0.6280730519547332
986,10,2,5,0.2470711035932573,0.0001375420966919,0.3061482549145621
987,-1,0,4,0.325584018336825,0.1549206358186334,0.5724942541660313
988,-1,-1,5,0.9574149666615204,0.2772557741536038,0.3798741962246946
989,1,0,-1,0.2428151240573691,0.0631659439985604,0.4671371000619914
990,37,2,5,0.592368889053706,0.8993349199267698,0.0531855725096424
991,-1,-1,1,0.6272880844849825,0.1643387911510238,0.9062412948436166
992,23,2,2,0.7093250289408852,0.3355832165179904,0.8293085890040874
993,-1,1,3,0.3180257058876828,0.4745790801952401,0.3868319534552505
994,-1,1,4,0.3109127868931771,0.4089256007394026,0.748609106722335
995,31,-1,3,0.4408492098812757,0.3513387182963661,0.6643798970061364
996,5,2,2,0.8152073485655582,0.8497953085489012,0.7266226358845149
997,41,-1,-1,0.6245996132287759,0.2266211310835088,0.4656807295460452
998,-1,2,0,0.3146396903042943,0.358847251713512,0.626051984806178
999,-1,2,0,0.848246100064246,0.9045423033430288,0.8430703563681147
1000,20,2,2,0.956946923494653,0.0527228133568006,0.8946512441167622
