ExhibitionID,Nationality,Gender,ExhibitionRole
2557.0,0,1,3
2557.0,15,1,1
2557.0,15,1,1
2557.0,10,1,1
2557.0,15,1,1
2724.0,0,1,1
2724.0,0,1,1
2724.0,0,1,1
2724.0,0,1,1
2724.0,0,1,1
2724.0,0,1,1
2724.0,0,1,1
2724.0,0,1,1
2724.0,0,1,1
2724.0,0,1,1
2724.0,0,1,1
2724.0,0,1,1
2724.0,0,1,1
2724.0,0,0,1
2724.0,0,1,1
2724.0,0,1,1
2724.0,0,1,1
2724.0,0,1,1
2724.0,0,1,1
2942.0,15,1,1
2942.0,15,1,1
2942.0,15,1,1
2942.0,22,1,1
2942.0,15,1,1
2942.0,15,1,1
2942.0,40,2,1
2942.0,15,1,1
2942.0,15,1,1
2942.0,15,1,1
2942.0,15,1,1
2942.0,15,1,1
2942.0,15,1,1
2942.0,15,0,1
2942.0,15,1,1
2942.0,15,1,1
2942.0,15,1,1
2942.0,36,1,1
2942.0,36,1,1
2942.0,15,1,1
2942.0,15,1,1
2942.0,15,1,1
2942.0,15,1,1
2942.0,15,1,1
2942.0,15,1,1
2942.0,15,1,1
2636.0,17,1,1
2636.0,17,1,1
2636.0,15,1,1
2636.0,0,1,1
2944.0,40,2,1
2944.0,0,1,1
2944.0,0,0,1
2944.0,0,1,1
2944.0,40,2,1
2944.0,40,2,1
2944.0,40,2,1
2944.0,0,1,1
2944.0,36,1,1
2944.0,0,1,1
2944.0,40,2,1
2944.0,40,2,1
2944.0,0,1,1
2944.0,40,2,1
2944.0,25,1,1
2944.0,0,1,1
2944.0,0,1,1
2944.0,40,2,1
2944.0,40,2,1
2944.0,0,1,1
2944.0,40,2,1
2944.0,0,1,1
2944.0,40,2,1
2944.0,40,2,1
2944.0,0,1,1
2944.0,0,1,1
2944.0,0,1,1
2944.0,40,2,1
2944.0,40,2,1
2944.0,40,2,1
2944.0,40,2,1
2944.0,40,2,1
2944.0,0,1,1
2944.0,40,2,1
2944.0,0,1,1
2944.0,0,1,1
2944.0,40,2,1
2944.0,0,1,1
2944.0,40,2,1
2944.0,0,0,1
2944.0,40,2,1
2944.0,40,2,1
2944.0,0,1,1
2944.0,0,1,1
2944.0,40,2,1
2944.0,0,1,1
2944.0,40,2,1
2853.0,0,1,1
2945.0,0,1,1
2945.0,0,1,1
2945.0,0,1,1
2725.0,17,1,1
2725.0,0,1,1
2725.0,15,1,1
2725.0,0,1,1
2725.0,15,1,1
2725.0,15,1,1
2725.0,0,1,1
2725.0,22,1,1
2725.0,0,1,1
2725.0,15,1,1
2725.0,15,1,1
2725.0,0,1,1
2725.0,15,1,1
2725.0,0,1,1
2725.0,15,1,1
2725.0,15,1,1
2725.0,15,1,1
2725.0,10,1,1
2725.0,15,1,1
2725.0,0,1,1
2725.0,0,1,1
2725.0,0,1,1
2725.0,0,1,1
2725.0,0,1,1
2725.0,17,1,1
2725.0,0,1,1
2725.0,0,1,1
2725.0,40,2,1
2725.0,15,0,1
2725.0,15,1,1
2725.0,17,1,1
2725.0,15,1,1
2725.0,15,1,1
2725.0,0,1,1
2725.0,0,1,1
2725.0,15,1,1
2725.0,0,1,1
2725.0,36,1,1
2725.0,0,0,1
2725.0,0,1,1
2725.0,40,2,1
2725.0,36,1,1
2725.0,15,1,1
2725.0,0,1,1
2725.0,15,1,1
2725.0,15,1,1
2725.0,0,1,1
2725.0,0,1,1
2725.0,0,1,1
2725.0,0,1,1
2725.0,15,1,1
2725.0,0,1,1
2946.0,15,1,1
2946.0,15,1,1
2729.0,0,1,3
2729.0,40,2,3
2729.0,0,1,1
2729.0,0,1,1
2729.0,0,1,1
2729.0,0,1,1
2729.0,0,1,1
2729.0,40,2,1
2729.0,0,1,1
2729.0,0,1,1
2729.0,0,1,1
2729.0,40,2,1
2729.0,0,1,1
2729.0,0,1,1
2729.0,0,1,1
2729.0,0,1,1
2729.0,0,1,1
2729.0,0,1,1
2729.0,0,0,1
2729.0,0,1,1
2729.0,0,1,1
2729.0,0,1,1
2729.0,0,1,1
2729.0,0,1,1
2729.0,0,1,1
2729.0,0,1,1
2729.0,0,1,1
2729.0,0,1,1
2729.0,0,1,1
2729.0,0,1,1
2729.0,0,1,1
2729.0,0,1,1
2729.0,40,2,1
2729.0,0,1,1
2729.0,0,1,1
2729.0,0,1,1
2729.0,40,2,1
2729.0,0,1,1
2729.0,0,1,1
2855.0,15,1,1
2855.0,15,1,1
2671.0,0,1,3
2671.0,17,1,1
2671.0,17,1,1
2671.0,17,1,1
2671.0,17,1,1
2671.0,17,1,1
2671.0,17,1,1
2671.0,22,1,1
2671.0,0,1,1
2671.0,17,1,1
2671.0,17,1,1
2671.0,17,1,1
2671.0,17,1,1
2671.0,17,1,1
2671.0,1,1,1
2671.0,17,1,1
2671.0,17,1,1
2671.0,17,1,1
2671.0,17,0,1
2671.0,17,1,1
2671.0,17,1,1
2671.0,17,1,1
2671.0,17,1,1
2671.0,17,1,1
2671.0,17,1,1
2671.0,17,1,1
2671.0,17,1,1
2671.0,17,0,1
2606.0,15,1,1
2606.0,15,1,1
2606.0,0,1,1
2606.0,15,1,1
2606.0,15,1,1
2606.0,0,1,1
2606.0,15,1,1
2606.0,15,1,1
2606.0,0,1,1
2606.0,40,2,1
2606.0,15,1,1
2606.0,22,1,1
2606.0,15,1,1
2606.0,36,1,1
2606.0,15,1,1
2606.0,0,1,1
2606.0,0,1,1
2606.0,15,1,1
2606.0,15,1,1
2606.0,15,1,1
2606.0,15,1,1
2606.0,15,1,1
2606.0,15,1,1
2606.0,15,1,1
2606.0,15,1,1
2694.0,0,1,3
2694.0,15,1,1
2854.0,25,1,1
2981.0,0,1,3
2981.0,12,1,1
2981.0,40,2,1
2981.0,0,1,1
2981.0,37,1,1
2981.0,36,1,1
2981.0,43,1,1
2981.0,38,1,1
2981.0,40,2,1
2981.0,40,2,1
2981.0,10,1,1
2981.0,40,2,1
2981.0,40,1,1
2981.0,5,1,1
2981.0,40,2,1
2981.0,40,2,1
2981.0,40,2,1
2981.0,40,2,1
2981.0,8,1,1
2981.0,5,1,1
2981.0,22,1,1
2981.0,40,2,1
2981.0,40,2,1
2981.0,8,1,1
2981.0,17,1,1
2981.0,15,1,1
2981.0,38,1,1
2981.0,17,1,1
2981.0,0,1,1
2981.0,0,1,1
2981.0,40,2,1
2981.0,0,1,1
2981.0,0,1,1
2981.0,40,2,1
2981.0,2,1,1
2981.0,40,2,1
2981.0,40,2,1
2981.0,15,1,1
2981.0,0,1,1
2981.0,17,1,1
2981.0,15,2,1
2981.0,15,1,1
2981.0,37,1,1
2981.0,40,2,1
2981.0,0,1,1
2981.0,0,1,1
2981.0,0,1,1
2981.0,0,1,1
2981.0,33,2,1
2981.0,10,1,1
2981.0,22,1,1
2981.0,10,1,1
2981.0,40,2,1
2981.0,38,2,1
2981.0,40,2,1
2981.0,0,1,1
2981.0,40,2,1
2981.0,37,1,1
2981.0,40,2,1
2981.0,40,2,1
2981.0,40,2,1
2981.0,40,2,1
2981.0,40,2,1
2981.0,40,2,1
2981.0,40,2,1
2981.0,0,1,1
2981.0,40,2,1
2981.0,40,2,1
2982.0,0,0,1
2982.0,0,1,1
2982.0,40,2,1
2982.0,40,2,1
2982.0,0,1,1
2982.0,0,1,1
2982.0,40,2,1
2982.0,40,1,1
2982.0,0,1,1
2982.0,0,1,1
2982.0,0,1,1
2982.0,40,2,1
2982.0,0,1,1
2982.0,0,1,1
2982.0,40,2,1
2982.0,40,2,1
2982.0,0,1,1
2982.0,40,1,1
2982.0,0,1,1
2982.0,0,1,1
2982.0,0,1,1
2982.0,0,1,1
2982.0,0,1,1
2982.0,0,1,1
2982.0,40,2,1
2982.0,0,1,1
2982.0,40,2,1
2982.0,40,2,1
2982.0,40,2,1
2982.0,40,2,1
2982.0,40,2,1
2982.0,0,1,1
2982.0,0,1,1
2982.0,0,1,1
2982.0,40,2,1
2982.0,0,0,1
2982.0,0,1,1
2982.0,40,2,1
2982.0,0,1,1
2982.0,0,1,1
2982.0,0,1,1
2982.0,0,1,1
2982.0,0,0,1
2982.0,0,1,1
2982.0,0,1,1
2982.0,0,1,1
2982.0,0,1,1
2982.0,0,1,1
2982.0,40,2,1
2607.0,17,1,1
2607.0,0,2,1
2607.0,0,1,1
2607.0,15,1,1
2607.0,15,1,1
2607.0,0,1,1
2607.0,15,1,1
2607.0,15,1,1
2607.0,0,1,1
2607.0,0,1,1
2607.0,17,1,1
2607.0,15,1,1
2607.0,0,1,1
2607.0,15,1,1
2607.0,0,1,1
2607.0,17,1,1
2607.0,0,1,1
2607.0,15,1,1
2607.0,0,1,1
2607.0,0,1,1
2607.0,2,1,1
2607.0,5,1,1
2607.0,22,1,1
2607.0,15,1,1
2607.0,10,1,1
2607.0,15,1,1
2607.0,0,1,1
2607.0,5,1,1
2607.0,0,1,1
2607.0,15,1,1
2607.0,17,1,1
2607.0,17,1,1
2607.0,15,1,1
2607.0,0,1,1
2607.0,15,1,1
2607.0,0,1,1
2607.0,15,1,1
2607.0,0,1,1
2607.0,22,1,1
2607.0,10,1,1
2607.0,0,1,1
2607.0,25,1,1
2607.0,36,1,1
2607.0,15,1,1
2607.0,0,1,1
2607.0,15,1,1
2607.0,25,1,1
2607.0,15,1,1
2607.0,15,1,1
2607.0,15,1,1
2607.0,15,1,1
2607.0,0,1,1
2607.0,0,1,1
2607.0,15,1,1
2607.0,0,1,1
2607.0,0,1,1
2607.0,0,1,1
2983.0,15,1,1
2983.0,15,1,1
2983.0,15,1,1
2983.0,22,1,1
2983.0,15,1,1
2983.0,15,1,1
2983.0,15,1,1
2983.0,0,1,1
2983.0,15,1,1
2983.0,0,1,1
2983.0,0,1,1
2983.0,15,1,1
2983.0,10,1,1
2983.0,0,1,1
2983.0,15,1,1
2983.0,17,1,1
2983.0,15,0,1
2983.0,15,1,1
2983.0,15,1,1
2983.0,17,1,1
2983.0,0,1,1
2983.0,15,1,1
2983.0,22,1,1
2983.0,10,1,1
2983.0,15,1,1
2983.0,40,1,1
2983.0,0,1,1
2983.0,36,1,1
2983.0,15,1,1
2983.0,15,1,1
2983.0,25,1,1
2983.0,33,1,1
2983.0,15,1,1
2983.0,15,1,1
2983.0,0,1,1
2983.0,15,1,1
2983.0,22,1,1
2983.0,15,1,1
2984.0,40,2,1
2985.0,40,2,3
2985.0,0,1,1
2985.0,0,1,1
2985.0,0,1,1
2985.0,0,1,1
2985.0,0,1,1
2985.0,0,1,1
2985.0,0,1,1
2985.0,0,1,1
2985.0,40,2,1
2985.0,0,0,1
2985.0,0,1,1
2985.0,0,1,1
2985.0,0,1,1
2985.0,0,1,1
2985.0,0,1,1
2985.0,0,1,1
2985.0,0,1,1
2985.0,0,1,1
2985.0,40,2,1
2985.0,0,1,1
2985.0,0,1,1
2985.0,5,1,1
2985.0,0,1,1
2985.0,0,1,1
2985.0,40,2,1
2985.0,0,1,1
2985.0,0,0,1
2985.0,0,1,1
2985.0,0,1,1
2985.0,0,1,1
2985.0,0,1,1
2985.0,0,1,1
2985.0,0,1,1
2985.0,0,1,1
2985.0,0,1,1
2985.0,0,1,1
2985.0,0,1,1
2985.0,0,1,1
2985.0,0,1,1
2985.0,0,1,1
2985.0,0,1,1
2985.0,0,1,1
2985.0,0,1,1
2985.0,0,1,1
2985.0,0,1,1
2985.0,0,1,1
2985.0,0,1,1
2985.0,0,1,1
2985.0,0,1,1
2985.0,0,1,1
2985.0,0,1,1
2985.0,0,0,1
2985.0,0,1,1
2985.0,0,1,1
2985.0,0,1,1
2985.0,0,1,1
2985.0,40,2,1
2985.0,0,1,1
2985.0,0,1,1
2985.0,0,1,1
2985.0,0,1,1
2985.0,0,1,1
2985.0,0,1,1
2985.0,0,1,1
2985.0,0,1,1
2985.0,0,1,1
2985.0,0,1,1
2985.0,0,1,1
2985.0,0,1,1
2985.0,40,2,1
2985.0,0,1,1
2985.0,0,1,1
2985.0,0,1,1
2985.0,0,0,1
2985.0,40,2,1
2985.0,0,1,1
2985.0,0,1,1
2986.0,40,2,6
2987.0,40,2,3
2987.0,40,2,1
2987.0,40,2,1
2987.0,40,2,1
2987.0,40,2,1
2987.0,40,2,1
2987.0,40,2,1
2987.0,0,0,1
2987.0,0,1,1
2987.0,40,2,1
2987.0,40,2,1
2987.0,40,2,1
2987.0,0,1,1
2987.0,40,2,1
2987.0,40,2,1
2987.0,40,2,1
2987.0,40,2,1
2987.0,40,2,1
2988.0,0,1,3
2988.0,40,1,3
2988.0,0,1,1
2988.0,0,1,1
2988.0,0,1,1
2989.0,0,1,1
2990.0,0,1,3
2990.0,25,1,1
2991.0,15,1,1
2992.0,0,1,0
2992.0,15,1,1
2992.0,0,1,1
2992.0,15,1,1
2992.0,0,1,1
2992.0,0,1,1
2992.0,15,1,1
2992.0,8,1,1
2992.0,0,1,1
2992.0,15,1,1
2992.0,15,1,1
2992.0,0,1,1
2992.0,10,1,1
2992.0,0,0,1
2992.0,40,2,1
2992.0,0,1,1
2992.0,0,1,1
2992.0,0,1,1
2992.0,0,1,1
2992.0,15,1,1
2992.0,15,1,1
2992.0,0,1,1
2992.0,15,1,1
2992.0,0,0,1
2992.0,15,1,1
2992.0,15,1,1
2992.0,15,1,1
2992.0,0,1,1
2992.0,0,1,1
2992.0,0,1,1
2992.0,15,1,1
2992.0,40,2,1
2993.0,40,2,6
2994.0,15,1,1
2994.0,15,1,1
2994.0,5,1,1
2994.0,15,1,1
2994.0,5,1,1
2994.0,17,1,1
2994.0,0,1,1
2994.0,0,1,1
2994.0,17,1,1
2994.0,15,1,1
2994.0,0,1,1
2994.0,0,1,1
2994.0,0,1,1
2994.0,0,1,1
2995.0,40,2,6
153.0,0,1,3
153.0,40,2,1
153.0,17,2,1
153.0,40,2,1
153.0,10,1,1
153.0,15,1,1
153.0,40,2,1
153.0,40,2,1
153.0,40,2,1
153.0,15,1,1
153.0,40,2,1
153.0,0,1,1
153.0,15,0,1
153.0,40,2,1
153.0,40,2,1
153.0,40,2,1
153.0,0,1,1
153.0,0,1,1
153.0,40,2,1
153.0,38,1,1
153.0,17,1,1
153.0,40,2,1
2996.0,0,1,3
2996.0,40,2,1
2996.0,40,2,1
2996.0,40,2,1
2996.0,40,2,1
2996.0,0,2,1
2996.0,40,2,1
2996.0,0,1,1
2996.0,40,2,1
2996.0,40,2,1
2997.0,40,2,3
2997.0,40,2,1
2997.0,0,1,1
2997.0,0,1,1
2997.0,0,1,1
2997.0,19,1,1
2997.0,40,2,1
2997.0,25,1,1
2997.0,25,1,1
2997.0,40,2,1
2997.0,0,1,1
2997.0,0,1,1
2997.0,0,1,1
2608.0,0,1,1
2608.0,0,1,1
2608.0,15,1,1
2608.0,15,1,1
2608.0,15,1,1
2608.0,15,1,1
2608.0,22,1,1
2608.0,36,1,1
2608.0,15,1,1
2608.0,15,1,1
2608.0,15,1,1
2608.0,15,1,1
2608.0,15,1,1
2608.0,15,1,1
2608.0,15,1,1
2608.0,36,1,1
2608.0,15,1,1
2608.0,15,1,1
2608.0,17,1,1
2608.0,17,1,1
2608.0,15,1,1
2608.0,15,0,1
2608.0,15,1,1
2608.0,17,1,1
2608.0,15,1,1
2608.0,15,1,1
2608.0,15,1,1
2608.0,36,1,1
2608.0,22,1,1
2608.0,0,1,1
2608.0,10,1,1
2608.0,0,1,1
2608.0,36,1,1
2608.0,15,1,1
2608.0,15,1,1
2608.0,15,1,1
2608.0,15,1,1
2608.0,15,1,1
2608.0,17,1,1
2608.0,15,1,1
2608.0,15,1,1
2608.0,15,1,1
2608.0,0,1,1
2608.0,10,1,1
2608.0,15,1,1
2608.0,15,1,1
2608.0,15,1,1
2608.0,15,1,1
2998.0,40,1,1
2999.0,15,1,1
2614.0,0,1,0
2614.0,17,1,1
2614.0,0,1,1
2614.0,0,1,1
2614.0,15,1,1
2614.0,15,1,1
2614.0,15,1,1
2614.0,15,1,1
2614.0,22,1,1
2614.0,36,1,1
2614.0,15,1,1
2614.0,15,1,1
2614.0,15,1,1
2614.0,15,1,1
2614.0,15,1,1
2614.0,15,1,1
2614.0,15,1,1
2614.0,10,1,1
2614.0,36,1,1
2614.0,15,1,1
2614.0,17,1,1
2614.0,15,1,1
2614.0,15,1,1
2614.0,17,1,1
2614.0,17,1,1
2614.0,15,1,1
2614.0,15,0,1
2614.0,15,1,1
2614.0,17,1,1
2614.0,15,1,1
2614.0,15,1,1
2614.0,15,1,1
2614.0,15,1,1
2614.0,36,1,1
2614.0,22,1,1
2614.0,0,1,1
2614.0,10,1,1
2614.0,0,1,1
2614.0,36,1,1
2614.0,15,1,1
2614.0,15,1,1
2614.0,15,1,1
2614.0,15,1,1
2614.0,15,1,1
2614.0,17,1,1
2614.0,15,1,1
2614.0,15,1,1
2614.0,15,1,1
2614.0,0,1,1
2614.0,10,1,1
2614.0,15,1,1
2614.0,15,1,1
2614.0,15,1,1
2614.0,15,1,1
3000.0,40,2,1
3001.0,17,1,1
3002.0,0,1,1
3003.0,15,1,1
3003.0,15,1,1
3003.0,22,1,1
3003.0,15,1,1
3003.0,15,1,1
3003.0,15,1,1
3003.0,15,1,1
3003.0,38,1,1
3003.0,15,1,1
3003.0,15,1,1
3003.0,22,1,1
3003.0,36,1,1
3003.0,15,1,1
3003.0,15,1,1
3003.0,15,1,1
2726.0,0,1,3
2726.0,0,1,1
3004.0,40,2,3
3004.0,40,2,1
3004.0,40,2,1
3004.0,0,1,1
3004.0,40,2,1
3004.0,0,0,1
3004.0,40,2,1
3004.0,40,2,1
3004.0,40,2,1
3004.0,40,2,1
3004.0,40,2,1
3004.0,0,1,1
3004.0,0,1,1
3004.0,40,2,1
3004.0,0,1,1
3004.0,0,1,1
3004.0,0,1,1
3004.0,40,2,1
3004.0,0,1,1
3004.0,40,2,1
3004.0,0,1,1
3004.0,40,2,1
3004.0,0,1,1
3004.0,40,2,1
3004.0,0,1,1
3004.0,0,1,1
3004.0,40,2,1
3004.0,40,2,1
3004.0,0,2,1
3004.0,40,2,1
3004.0,40,2,1
3004.0,40,2,1
3004.0,0,1,1
3004.0,40,2,1
3004.0,0,1,1
3004.0,40,2,1
3004.0,40,2,1
3004.0,40,2,1
3004.0,40,2,1
3004.0,40,2,1
3004.0,0,1,1
3004.0,40,2,1
3004.0,40,2,1
3004.0,0,0,1
3004.0,40,2,1
3004.0,40,2,1
3004.0,0,1,1
3004.0,40,2,1
3004.0,40,2,1
3004.0,0,1,1
3004.0,0,1,1
3004.0,40,2,1
3004.0,40,2,1
3004.0,40,2,1
3004.0,0,1,1
3004.0,40,2,1
3004.0,0,1,1
3004.0,40,2,1
3004.0,0,1,1
3004.0,40,2,1
3004.0,40,2,1
3004.0,40,2,1
3004.0,40,2,1
3004.0,40,2,1
3004.0,40,2,1
3004.0,0,1,1
3004.0,40,2,1
3004.0,40,2,1
3004.0,0,1,1
3004.0,0,1,1
3004.0,40,2,1
3004.0,40,2,1
3004.0,40,2,1
3004.0,40,2,1
3004.0,40,2,1
3004.0,40,2,1
3004.0,40,2,1
3004.0,40,2,1
3004.0,40,2,1
3004.0,40,2,1
3004.0,0,1,1
3004.0,40,2,1
3004.0,40,2,1
3004.0,40,2,1
3004.0,0,0,1
3004.0,0,2,1
3004.0,40,2,1
3004.0,40,2,1
3004.0,40,2,1
3004.0,40,2,1
3004.0,40,2,1
3004.0,40,2,1
3004.0,40,2,1
3004.0,0,1,1
3004.0,40,2,1
3004.0,40,2,1
3004.0,40,2,1
3004.0,40,2,1
3004.0,40,2,1
3004.0,40,2,1
3004.0,40,2,1
3004.0,40,2,1
3004.0,40,2,1
3004.0,40,2,1
3004.0,40,2,1
3004.0,0,1,1
3004.0,40,2,1
3004.0,40,2,1
3004.0,40,2,1
3004.0,40,2,1
3004.0,40,2,1
3004.0,40,2,1
3004.0,40,2,1
3004.0,40,2,1
3004.0,40,2,1
3004.0,40,2,1
3004.0,0,1,1
3004.0,40,2,1
3004.0,40,2,1
3004.0,40,2,1
3005.0,0,1,1
3005.0,0,1,1
3006.0,40,2,3
3006.0,37,1,1
3006.0,40,2,1
3006.0,38,1,1
3006.0,40,2,1
3006.0,33,1,1
3006.0,40,2,1
3006.0,15,1,1
3006.0,40,2,1
3006.0,40,2,1
3006.0,40,2,1
3006.0,40,2,1
3006.0,40,2,1
3006.0,40,2,1
3006.0,0,1,1
3006.0,15,1,1
3006.0,40,2,1
3006.0,40,2,1
3006.0,22,1,1
3006.0,40,2,1
3006.0,5,1,1
3006.0,40,2,1
3006.0,15,1,1
3006.0,40,2,1
3006.0,17,1,1
3006.0,40,2,1
3006.0,34,1,1
3006.0,40,2,1
3006.0,0,1,1
3006.0,40,2,1
3006.0,40,2,1
3006.0,40,2,1
3006.0,5,1,1
3006.0,40,2,1
3006.0,40,2,1
3006.0,22,1,1
3006.0,0,1,1
3006.0,40,2,1
3006.0,33,1,1
3006.0,33,0,1
3006.0,40,2,1
3006.0,40,2,1
3006.0,40,2,1
3006.0,37,1,1
3006.0,40,2,1
3006.0,40,2,1
3006.0,0,1,1
3006.0,8,2,1
3006.0,22,1,1
3006.0,11,1,1
3006.0,0,1,1
3006.0,40,2,1
3006.0,40,2,1
3006.0,40,0,1
3006.0,40,2,1
3006.0,40,1,1
3006.0,40,2,1
3006.0,15,1,1
3006.0,40,2,1
3006.0,33,1,1
3006.0,0,1,1
3006.0,33,1,1
3006.0,15,1,1
3006.0,40,1,1
3006.0,40,2,1
3006.0,40,2,1
3006.0,40,2,1
3006.0,40,2,1
3006.0,33,2,1
3006.0,40,2,1
3006.0,0,0,1
3006.0,40,2,1
3006.0,40,2,1
3006.0,40,2,1
3006.0,33,1,1
3006.0,40,2,1
3006.0,33,1,1
3006.0,0,1,1
3006.0,40,2,1
3006.0,40,2,1
3006.0,40,2,1
3006.0,36,1,1
3006.0,40,2,1
3006.0,17,1,1
3006.0,22,1,1
3006.0,40,2,1
3006.0,40,2,1
3006.0,40,2,1
3006.0,40,2,1
3006.0,11,1,1
3006.0,40,2,1
3006.0,40,2,1
3006.0,40,2,1
3006.0,40,2,1
3006.0,15,1,1
3006.0,22,1,1
3006.0,40,2,1
3006.0,40,2,1
3006.0,40,2,1
3006.0,40,2,1
3006.0,40,2,1
3006.0,40,2,1
3006.0,40,2,1
3006.0,40,2,1
3006.0,40,2,1
3006.0,33,1,1
3006.0,33,1,1
3006.0,33,1,1
3006.0,1,1,1
3006.0,40,2,1
3006.0,15,1,1
3006.0,40,2,1
3006.0,40,2,1
3006.0,40,2,1
3006.0,40,2,1
3006.0,40,2,1
3006.0,40,1,1
3006.0,40,2,1
3006.0,40,2,1
3006.0,40,2,1
3006.0,40,2,1
3006.0,40,2,1
3006.0,40,2,1
94.0,0,1,3
94.0,0,2,1
94.0,0,2,1
94.0,40,2,1
94.0,40,2,1
94.0,40,2,1
94.0,0,2,1
94.0,40,2,1
94.0,40,2,1
94.0,40,2,1
94.0,40,2,1
94.0,0,2,1
94.0,40,2,1
94.0,40,2,1
94.0,0,2,1
94.0,40,2,1
94.0,40,2,1
94.0,0,2,1
94.0,40,2,1
94.0,0,2,1
94.0,40,2,1
94.0,40,2,1
94.0,0,2,1
94.0,0,2,1
94.0,40,2,1
94.0,40,2,1
94.0,0,2,1
94.0,40,2,1
94.0,40,2,1
94.0,40,2,1
94.0,40,2,1
94.0,40,2,1
94.0,40,2,1
94.0,40,2,1
94.0,40,2,1
94.0,40,2,1
94.0,40,2,1
94.0,0,1,1
94.0,40,2,1
94.0,40,2,1
94.0,40,2,1
94.0,40,2,1
94.0,1,1,1
94.0,0,1,1
94.0,40,2,1
94.0,0,1,1
94.0,40,2,1
94.0,40,2,1
94.0,40,2,1
94.0,40,2,1
94.0,40,2,1
94.0,27,1,1
94.0,0,2,1
94.0,15,1,1
94.0,40,2,1
94.0,0,2,1
94.0,40,2,1
94.0,40,2,1
94.0,40,2,1
94.0,40,2,1
94.0,0,1,1
94.0,0,2,1
94.0,40,2,1
94.0,40,2,1
94.0,40,2,1
94.0,0,2,1
94.0,0,2,1
94.0,40,2,1
94.0,0,2,1
94.0,40,2,1
94.0,0,2,1
94.0,40,2,1
94.0,40,2,1
94.0,40,2,1
94.0,40,2,1
94.0,0,2,1
94.0,40,2,1
94.0,40,2,1
94.0,0,2,1
94.0,40,2,1
94.0,0,1,1
94.0,40,2,1
94.0,40,2,1
94.0,1,2,1
94.0,40,2,1
94.0,0,1,1
94.0,40,2,1
94.0,40,2,1
94.0,40,2,1
94.0,0,2,1
94.0,37,1,1
94.0,0,1,1
94.0,0,2,1
94.0,40,2,1
94.0,17,2,1
3007.0,40,1,3
3007.0,11,1,1
3007.0,40,2,1
3007.0,15,1,1
3007.0,17,1,1
3007.0,40,2,1
3007.0,40,2,1
3007.0,17,1,1
3007.0,40,2,1
3007.0,40,2,1
3007.0,40,2,1
3007.0,40,2,1
3007.0,40,2,1
3007.0,0,1,1
3007.0,40,2,1
3007.0,40,2,1
2887.0,15,1,1
2887.0,15,1,1
2887.0,0,1,1
2887.0,15,1,1
2887.0,15,1,1
2887.0,15,1,1
2887.0,15,1,1
2887.0,15,1,1
2887.0,15,1,1
2887.0,0,1,1
2887.0,15,0,1
2887.0,15,1,1
2887.0,22,1,1
2887.0,36,1,1
2887.0,15,1,1
2887.0,15,1,1
2887.0,15,1,1
2887.0,15,1,1
2887.0,15,1,1
2887.0,15,1,1
2887.0,15,1,1
2887.0,15,1,1
3008.0,0,1,1
3009.0,0,1,3
3010.0,40,2,6
2609.0,0,0,1
2609.0,17,1,1
2609.0,0,1,1
2609.0,0,1,1
2609.0,0,1,1
2609.0,15,1,1
2609.0,15,1,1
2609.0,0,1,1
2609.0,0,1,1
2609.0,36,1,1
2609.0,0,1,1
2609.0,0,1,1
2609.0,17,1,1
2609.0,1,1,1
2609.0,17,0,1
2609.0,0,1,1
2609.0,15,0,1
2609.0,17,1,1
2609.0,17,1,1
2609.0,0,1,1
2609.0,10,1,1
3011.0,17,1,1
3011.0,36,1,1
3012.0,40,2,6
2971.0,15,1,1
3013.0,15,1,1
3013.0,15,1,1
3013.0,15,1,1
3013.0,22,1,1
3013.0,15,1,1
3013.0,0,1,1
3013.0,15,1,1
3013.0,15,1,1
3013.0,15,1,1
3013.0,10,1,1
3013.0,15,1,1
3013.0,17,1,1
3013.0,17,1,1
3013.0,1,1,1
3013.0,15,0,1
3013.0,15,1,1
3013.0,15,2,1
3013.0,15,1,1
3013.0,0,1,1
3013.0,17,1,1
3013.0,0,1,1
3013.0,36,1,1
3013.0,15,1,1
3013.0,15,1,1
3014.0,0,1,1
3014.0,40,2,1
3014.0,40,2,1
3014.0,40,2,1
3014.0,40,2,1
3014.0,40,1,1
3014.0,40,1,1
3014.0,27,0,1
3014.0,40,0,1
3014.0,40,2,1
3014.0,40,0,1
3014.0,0,1,1
3014.0,0,0,1
3014.0,0,1,1
3014.0,40,2,1
3014.0,40,2,1
3014.0,40,1,1
3014.0,40,2,1
3014.0,40,2,1
3014.0,40,2,1
3014.0,40,1,1
3014.0,40,1,1
3014.0,0,1,1
3014.0,40,0,1
3014.0,0,2,1
3014.0,40,2,1
3014.0,40,1,1
3014.0,40,2,1
3014.0,40,2,1
3015.0,40,2,3
3015.0,0,1,3
2615.0,0,1,1
2615.0,15,1,1
2615.0,22,1,1
2615.0,17,1,1
2615.0,0,1,1
2615.0,17,1,1
2615.0,17,1,1
2615.0,0,1,1
2615.0,0,1,1
2615.0,0,1,1
2615.0,15,1,1
2615.0,0,1,1
2615.0,0,1,1
2615.0,15,1,1
2615.0,15,1,1
2615.0,15,1,1
2615.0,0,1,1
2615.0,0,1,1
2615.0,0,1,1
2615.0,22,1,1
2615.0,0,1,1
2615.0,40,2,1
2615.0,15,1,1
2615.0,15,1,1
2615.0,0,1,1
2615.0,22,1,1
2615.0,0,1,1
2615.0,36,1,1
2615.0,0,1,1
2615.0,0,1,1
2615.0,0,1,1
2615.0,15,1,1
2615.0,15,1,1
2615.0,0,1,1
2615.0,17,1,1
2615.0,0,0,1
2615.0,0,1,1
2615.0,15,1,1
2615.0,15,1,1
2615.0,0,1,1
2615.0,5,1,1
2615.0,15,1,1
2615.0,0,1,1
2615.0,0,1,1
2615.0,15,1,1
2615.0,36,1,1
2615.0,15,1,1
2615.0,10,1,1
2615.0,36,1,1
2615.0,17,1,1
2615.0,0,1,1
2615.0,38,1,1
2615.0,0,1,1
2615.0,0,1,1
2615.0,0,1,1
2615.0,17,1,1
2615.0,0,1,1
2615.0,27,1,1
2615.0,15,1,1
2615.0,0,1,1
2615.0,0,1,1
2615.0,17,1,1
2615.0,1,1,1
2615.0,17,1,1
2615.0,0,1,1
2615.0,0,1,1
2615.0,0,1,1
2615.0,0,1,1
2615.0,0,1,1
2615.0,15,1,1
2615.0,15,1,1
2615.0,17,1,1
2615.0,0,1,1
2615.0,15,2,1
2615.0,15,1,1
2615.0,17,1,1
2615.0,0,1,1
2615.0,15,1,1
2615.0,17,1,1
2615.0,15,1,1
2615.0,15,1,1
2615.0,0,1,1
2615.0,0,1,1
2615.0,0,1,1
2615.0,36,1,1
2615.0,22,1,1
2615.0,10,1,1
2615.0,0,1,1
2615.0,0,1,1
2615.0,17,1,1
2615.0,0,0,1
2615.0,25,1,1
2615.0,10,1,1
2615.0,0,1,1
2615.0,15,1,1
2615.0,36,1,1
2615.0,0,1,1
2615.0,15,1,1
2615.0,25,1,1
2615.0,15,1,1
2615.0,15,1,1
2615.0,15,1,1
2615.0,17,1,1
2615.0,15,1,1
2615.0,15,1,1
2615.0,0,1,1
2615.0,0,1,1
2615.0,15,1,1
2615.0,25,1,1
2615.0,0,1,1
2615.0,0,0,1
2615.0,15,1,1
2615.0,15,1,1
2615.0,15,1,1
2615.0,0,1,1
2615.0,0,1,1
2615.0,0,1,1
3016.0,40,2,6
2883.0,0,1,3
2883.0,0,1,1
3017.0,0,1,1
3018.0,0,1,3
3019.0,40,2,3
3019.0,40,2,3
3019.0,40,2,3
2610.0,17,1,1
2610.0,0,1,1
2610.0,0,1,1
2610.0,0,1,1
2610.0,15,1,1
2610.0,15,1,1
2610.0,15,1,1
2610.0,15,1,1
2610.0,22,1,1
2610.0,36,1,1
2610.0,0,1,1
2610.0,15,1,1
2610.0,0,1,1
2610.0,15,1,1
2610.0,0,1,1
2610.0,17,1,1
2610.0,15,1,1
2610.0,5,1,1
2610.0,15,1,1
2610.0,15,1,1
2610.0,0,0,1
2610.0,10,1,1
2610.0,18,1,1
2610.0,36,1,1
2610.0,38,1,1
2610.0,0,1,1
2610.0,0,1,1
2610.0,17,1,1
2610.0,0,1,1
2610.0,0,1,1
2610.0,0,1,1
2610.0,15,1,1
2610.0,17,1,1
2610.0,15,1,1
2610.0,15,1,1
2610.0,22,1,1
2610.0,10,1,1
2610.0,0,1,1
2610.0,36,1,1
2610.0,0,1,1
2610.0,15,1,1
2610.0,15,1,1
2610.0,15,1,1
2610.0,15,1,1
2610.0,17,1,1
2610.0,15,1,1
2610.0,0,1,1
2610.0,15,1,1
2610.0,15,1,1
2610.0,0,1,1
2610.0,0,1,1
2610.0,0,0,1
2610.0,0,1,1
2681.0,5,1,3
2681.0,15,1,1
3020.0,0,1,3
3020.0,40,2,1
3021.0,40,2,1
3021.0,40,2,1
3021.0,0,1,1
3021.0,0,1,1
3021.0,0,1,1
3021.0,0,1,1
3021.0,0,1,1
3021.0,40,2,1
3021.0,0,1,1
3021.0,40,2,1
3022.0,40,2,3
3022.0,15,1,1
2888.0,0,1,3
2888.0,10,1,1
2888.0,15,1,1
308.0,40,2,0
308.0,15,1,1
3024.0,40,1,3
3024.0,0,1,1
2730.0,0,1,1
2730.0,17,1,1
2730.0,0,1,1
2730.0,0,1,1
2730.0,0,1,1
2730.0,0,1,1
2730.0,0,1,1
2730.0,0,1,1
2730.0,15,1,1
2730.0,0,1,1
2730.0,0,1,1
2730.0,0,1,1
2730.0,15,1,1
2730.0,17,1,1
2730.0,0,1,1
2730.0,0,1,1
2730.0,0,1,1
2730.0,15,1,1
2730.0,36,1,1
2730.0,0,1,1
2730.0,17,1,1
2730.0,0,1,1
2730.0,0,1,1
2730.0,15,1,1
2730.0,0,1,1
2730.0,0,1,1
2730.0,0,1,1
2730.0,17,1,1
2730.0,0,1,1
2730.0,29,1,1
2730.0,0,1,1
2730.0,0,1,1
2730.0,0,1,1
2730.0,15,1,1
2730.0,15,1,1
2730.0,15,1,1
2730.0,0,1,1
2730.0,22,1,1
2730.0,40,2,1
2730.0,0,0,1
2730.0,0,1,1
2730.0,36,1,1
2730.0,0,1,1
2730.0,15,1,1
2730.0,15,1,1
2730.0,15,1,1
2730.0,0,1,1
2730.0,0,1,1
2730.0,0,1,1
2730.0,5,2,1
2730.0,40,2,1
2730.0,0,1,1
2730.0,0,1,1
2730.0,0,0,1
2730.0,0,1,1
246.0,0,1,3
246.0,0,1,1
246.0,15,1,1
246.0,22,1,1
246.0,0,1,1
246.0,17,1,1
246.0,22,1,1
246.0,15,1,1
246.0,15,1,1
246.0,0,1,1
246.0,0,1,1
246.0,0,1,1
246.0,22,1,1
246.0,15,1,1
246.0,15,1,1
246.0,15,1,1
246.0,22,1,1
246.0,15,1,1
246.0,15,1,1
246.0,10,1,1
246.0,10,1,1
246.0,0,1,1
246.0,15,1,1
246.0,10,1,1
246.0,37,2,1
246.0,17,1,1
246.0,15,1,1
246.0,33,0,1
246.0,0,1,1
246.0,0,1,1
246.0,16,1,1
246.0,33,1,1
246.0,15,1,1
246.0,38,1,1
246.0,10,1,1
246.0,15,1,1
246.0,10,1,1
246.0,33,0,1
246.0,36,1,1
246.0,36,1,1
246.0,17,1,1
246.0,17,1,1
246.0,15,1,1
246.0,10,1,1
246.0,40,2,1
246.0,10,1,1
246.0,40,2,1
246.0,15,1,1
246.0,0,1,1
246.0,0,1,1
246.0,17,1,1
246.0,24,1,1
246.0,8,1,1
246.0,15,1,1
246.0,33,1,1
246.0,15,1,1
246.0,15,1,1
246.0,33,1,1
246.0,15,1,1
246.0,17,1,1
246.0,10,1,1
246.0,5,1,1
246.0,0,1,1
246.0,33,1,1
246.0,5,1,1
246.0,15,1,1
246.0,33,1,1
246.0,0,1,1
246.0,17,1,1
246.0,31,1,1
246.0,0,1,1
246.0,15,1,1
246.0,15,1,1
246.0,0,1,1
246.0,36,1,1
246.0,0,1,1
246.0,10,1,1
246.0,5,1,1
246.0,17,2,1
246.0,5,1,1
246.0,33,1,1
246.0,40,2,1
246.0,10,1,1
246.0,15,1,1
246.0,15,1,1
246.0,15,1,1
246.0,36,1,1
246.0,22,1,1
246.0,33,0,1
246.0,22,1,1
246.0,15,1,1
246.0,40,2,1
246.0,0,1,1
246.0,10,1,1
246.0,33,1,1
246.0,15,1,1
246.0,22,2,1
246.0,22,1,1
246.0,40,2,1
246.0,17,1,1
246.0,17,1,1
246.0,17,1,1
246.0,33,1,1
246.0,15,1,1
246.0,22,1,1
246.0,33,1,1
246.0,33,1,1
246.0,33,0,1
246.0,0,1,1
246.0,0,1,1
246.0,33,1,1
246.0,38,1,1
246.0,2,1,1
246.0,15,1,1
3025.0,0,1,3
3025.0,33,1,1
3025.0,33,1,1
3025.0,0,0,1
3025.0,17,1,1
3025.0,15,1,1
3025.0,0,1,1
3025.0,0,1,1
3025.0,0,1,1
3025.0,15,1,1
3025.0,40,2,1
3025.0,40,1,1
3025.0,15,1,1
3025.0,15,1,1
3025.0,15,1,1
3025.0,0,1,1
3025.0,15,1,1
3025.0,0,1,1
3025.0,22,1,1
3025.0,17,1,1
3025.0,36,1,1
3025.0,15,1,1
3025.0,15,1,1
3025.0,15,1,1
3025.0,0,1,1
3025.0,15,1,1
3025.0,15,1,1
3025.0,15,1,1
3025.0,15,1,1
3025.0,15,1,1
3025.0,15,1,1
3025.0,0,1,1
3025.0,0,1,1
3025.0,15,1,1
3025.0,15,1,1
3025.0,15,1,1
3025.0,0,1,1
3025.0,5,1,1
3025.0,0,1,1
3025.0,36,1,1
3025.0,15,1,1
3025.0,0,1,1
3025.0,15,1,1
3025.0,40,1,1
3025.0,40,2,1
3025.0,15,1,1
3025.0,0,1,1
3025.0,0,1,1
3025.0,17,1,1
3025.0,17,1,1
3025.0,1,1,1
3025.0,29,1,1
3025.0,40,2,1
3025.0,15,1,1
3025.0,15,1,1
3025.0,15,0,1
3025.0,33,1,1
3025.0,15,1,1
3025.0,15,1,1
3025.0,17,1,1
3025.0,33,1,1
3025.0,40,2,1
3025.0,15,1,1
3025.0,1,0,1
3025.0,15,1,1
3025.0,15,1,1
3025.0,31,1,1
3025.0,2,1,1
3025.0,15,1,1
3025.0,15,1,1
3025.0,36,1,1
3025.0,5,1,1
3025.0,15,1,1
3025.0,5,1,1
3025.0,5,1,1
3025.0,33,1,1
3025.0,25,1,1
3025.0,0,1,1
3025.0,17,1,1
3025.0,36,1,1
3025.0,15,1,1
3025.0,25,1,1
3025.0,0,1,1
3025.0,15,1,1
3025.0,15,1,1
3025.0,15,1,1
3025.0,40,2,1
3025.0,15,1,1
3025.0,17,1,1
3025.0,0,1,1
3025.0,0,1,1
3025.0,33,1,1
3025.0,0,1,1
3025.0,40,1,1
3025.0,15,1,1
3025.0,33,1,1
3025.0,40,2,1
3025.0,15,1,1
3025.0,40,2,1
3025.0,0,1,1
3025.0,0,1,1
3026.0,40,2,3
3026.0,40,2,1
3026.0,40,2,1
3026.0,40,2,1
3026.0,40,2,1
3026.0,40,2,1
3026.0,40,2,1
3026.0,40,2,1
3026.0,40,2,1
3026.0,0,1,1
3026.0,40,2,1
3026.0,0,1,1
3026.0,40,2,1
3026.0,40,2,1
3026.0,40,2,1
3026.0,40,2,1
3026.0,40,2,1
3026.0,40,2,1
3026.0,40,2,1
3026.0,40,2,1
3026.0,40,2,1
3027.0,40,2,3
3027.0,37,1,1
3027.0,15,1,1
3027.0,22,1,1
3027.0,40,2,1
3027.0,12,1,1
3027.0,15,1,1
3027.0,15,1,1
3027.0,8,1,1
3027.0,40,2,1
3027.0,17,1,1
3027.0,1,1,1
3027.0,0,1,1
3027.0,15,1,1
3027.0,0,1,1
3027.0,40,2,1
3027.0,37,1,1
3027.0,40,2,1
3027.0,40,2,1
3027.0,17,1,1
3027.0,0,1,1
3027.0,17,0,1
3027.0,40,2,1
3027.0,40,2,1
3027.0,22,1,1
3027.0,40,2,1
3027.0,40,2,1
3028.0,0,1,1
3029.0,15,1,1
3029.0,0,1,1
3029.0,15,1,1
3029.0,15,1,1
3029.0,15,1,1
3029.0,15,1,1
3029.0,15,1,1
3029.0,17,1,1
3029.0,15,1,1
3029.0,15,1,1
3029.0,22,1,1
3029.0,0,1,1
3029.0,36,1,1
3029.0,15,1,1
3029.0,15,1,1
3029.0,15,1,1
3029.0,15,1,1
3029.0,15,1,1
3029.0,15,1,1
3029.0,15,1,1
3029.0,15,1,1
3029.0,25,1,1
3029.0,15,1,1
3029.0,15,1,1
3029.0,15,1,1
3029.0,0,1,1
3030.0,0,0,3
3030.0,0,0,1
3030.0,40,2,1
3030.0,40,2,1
3030.0,40,2,1
3030.0,40,2,1
3030.0,40,2,1
3030.0,40,2,1
3030.0,40,2,1
3030.0,0,1,1
3030.0,40,2,1
3030.0,0,0,1
3030.0,40,2,1
3030.0,0,0,1
3030.0,0,1,1
3030.0,0,2,1
3030.0,0,1,1
3030.0,0,1,1
3030.0,40,2,1
3030.0,40,2,1
3030.0,0,1,1
3030.0,40,2,1
3030.0,40,2,1
3030.0,40,2,1
3030.0,0,1,1
3030.0,0,0,1
3030.0,0,1,1
3030.0,40,2,1
3030.0,0,1,1
3030.0,40,2,1
3030.0,0,1,1
3030.0,0,2,1
3030.0,27,1,1
3030.0,40,2,1
3030.0,0,1,1
3030.0,40,2,1
3030.0,40,2,1
3030.0,0,1,1
3030.0,40,2,1
3030.0,40,2,1
3030.0,0,1,1
3030.0,40,2,1
3030.0,40,2,1
3030.0,40,2,1
3030.0,40,2,1
3030.0,40,2,1
3030.0,0,1,1
3030.0,40,2,1
3030.0,40,2,1
3030.0,0,1,1
3030.0,40,2,1
3030.0,40,2,1
3030.0,40,2,1
3030.0,40,2,1
3030.0,40,2,1
3030.0,40,2,1
3030.0,0,1,1
3030.0,40,2,1
3030.0,40,2,1
3030.0,40,2,1
3030.0,5,1,1
3030.0,0,1,1
3030.0,40,2,1
3030.0,0,1,1
3030.0,40,2,1
3030.0,0,1,1
3030.0,40,2,1
3030.0,0,1,1
3030.0,40,2,1
3030.0,40,2,1
3030.0,0,2,1
3030.0,0,1,1
3030.0,40,2,1
3030.0,0,2,1
3030.0,40,2,1
3030.0,0,0,1
3030.0,0,1,1
3030.0,0,1,1
3030.0,40,2,1
3030.0,0,1,1
3030.0,40,2,1
3030.0,0,1,1
3030.0,40,2,1
3030.0,40,2,1
3030.0,40,2,1
3030.0,40,2,1
3030.0,40,2,1
3030.0,0,1,1
3030.0,40,2,1
3030.0,0,1,1
3030.0,40,2,1
3030.0,0,1,1
3030.0,40,2,1
3030.0,0,1,1
3030.0,0,1,1
3030.0,40,2,1
3030.0,40,2,1
3030.0,0,1,1
3030.0,40,2,1
3030.0,0,0,1
3030.0,40,2,1
3030.0,40,2,1
3030.0,40,2,1
3030.0,40,2,1
3030.0,40,2,1
3030.0,40,2,1
3030.0,0,1,1
3030.0,40,2,1
3030.0,0,1,1
3030.0,0,1,1
3030.0,40,2,1
3030.0,0,1,1
3030.0,40,2,1
3030.0,40,2,1
3030.0,40,2,1
3030.0,40,2,1
3030.0,0,1,1
3030.0,40,2,1
3030.0,40,2,1
3030.0,40,2,1
3030.0,0,1,1
3030.0,0,1,1
3030.0,40,2,1
3030.0,0,1,1
3030.0,40,2,1
3030.0,40,2,1
3030.0,40,2,1
3030.0,40,2,1
3030.0,40,2,1
3030.0,40,2,1
3030.0,40,2,1
3030.0,0,1,1
3030.0,40,2,1
3030.0,0,1,1
3030.0,40,2,1
3030.0,40,2,1
3030.0,40,2,1
3030.0,0,0,1
3030.0,40,2,1
3030.0,0,1,1
3030.0,0,0,1
3030.0,40,2,1
3030.0,40,2,1
3030.0,40,2,1
3030.0,0,1,1
3030.0,0,1,1
3030.0,40,2,1
3030.0,40,2,1
3030.0,0,1,1
3030.0,0,1,1
3030.0,40,2,1
3030.0,40,2,1
3030.0,40,2,1
3030.0,40,2,1
3030.0,0,1,1
3030.0,40,2,1
3030.0,0,1,1
3030.0,0,1,1
3030.0,40,2,1
3030.0,40,2,1
3030.0,0,1,1
3030.0,40,2,1
3030.0,40,2,1
3030.0,0,1,1
3030.0,40,2,1
3030.0,40,2,1
3030.0,0,0,1
3030.0,40,2,1
3030.0,40,2,1
3030.0,40,2,1
3030.0,40,2,1
3030.0,40,2,1
3030.0,40,2,1
3030.0,0,1,1
3030.0,0,2,1
3030.0,40,2,1
3030.0,0,1,1
3030.0,40,2,1
3030.0,40,2,1
3030.0,40,2,1
3030.0,40,2,1
3030.0,40,2,1
3030.0,40,2,1
3030.0,40,2,1
3030.0,40,2,1
3030.0,0,1,1
3030.0,40,2,1
3030.0,40,2,1
3030.0,40,2,1
3030.0,40,2,1
3030.0,40,2,1
3030.0,40,2,1
3030.0,40,2,1
3030.0,40,1,1
3030.0,40,2,1
3030.0,40,2,1
3030.0,40,2,1
3030.0,0,1,1
3030.0,40,2,1
3030.0,0,1,1
3030.0,40,2,1
3030.0,40,2,1
3030.0,40,2,1
3030.0,40,2,1
3030.0,40,2,1
3030.0,40,2,1
3030.0,40,2,1
3030.0,40,2,1
3030.0,40,2,1
3030.0,0,1,1
3030.0,40,2,1
3030.0,40,2,1
3030.0,40,2,1
3030.0,0,1,1
3030.0,40,2,1
3030.0,0,1,1
3030.0,0,0,1
3030.0,40,2,1
3030.0,0,0,1
3030.0,40,2,1
3030.0,0,1,1
3030.0,40,2,1
3030.0,0,1,1
3030.0,0,1,1
3030.0,40,2,1
3030.0,0,0,1
3030.0,0,0,1
3030.0,40,2,1
3030.0,0,1,1
3030.0,40,2,1
3030.0,40,2,1
3030.0,40,2,1
3030.0,40,2,1
3030.0,0,1,1
3030.0,40,2,1
3030.0,40,2,1
3030.0,40,2,1
3030.0,0,1,1
3030.0,40,2,1
3030.0,40,2,1
3030.0,40,2,1
3030.0,40,2,1
3030.0,40,2,1
3030.0,0,1,1
3030.0,40,2,1
3030.0,40,2,1
3030.0,0,1,1
3030.0,40,2,1
3030.0,40,2,1
3030.0,0,1,1
3030.0,40,2,1
3030.0,40,2,1
3030.0,40,2,1
3030.0,27,1,1
3030.0,25,1,1
3030.0,40,2,1
3030.0,40,2,1
3030.0,40,2,1
3030.0,40,2,1
3030.0,40,2,1
3030.0,40,2,1
3030.0,40,2,1
3030.0,40,2,1
3030.0,23,1,1
3030.0,40,2,1
3030.0,40,2,1
3030.0,40,2,1
3030.0,40,2,1
3030.0,40,2,1
3030.0,0,1,1
3030.0,40,2,1
3030.0,40,2,1
3030.0,40,2,1
3030.0,40,2,1
3030.0,40,2,1
3030.0,40,2,1
3030.0,40,2,1
3030.0,40,2,1
3030.0,40,2,1
3030.0,40,2,1
3030.0,40,2,1
3030.0,40,2,1
3030.0,40,2,1
3030.0,0,1,1
3031.0,0,1,1
3031.0,0,1,1
3031.0,0,1,1
3031.0,0,1,1
3031.0,0,1,1
3031.0,40,2,1
3031.0,0,1,1
3031.0,0,1,1
3031.0,0,1,1
3031.0,0,1,1
3031.0,0,1,1
3032.0,0,1,3
3032.0,0,1,1
2649.0,0,1,3
2649.0,40,2,1
2649.0,40,2,1
2649.0,0,1,1
2649.0,40,2,1
2649.0,15,1,1
2649.0,26,1,1
2649.0,15,1,1
2649.0,17,1,1
2649.0,17,1,1
2649.0,17,1,1
2649.0,5,1,1
2649.0,40,2,1
2649.0,0,1,1
2649.0,40,2,1
2649.0,40,2,1
2649.0,0,1,1
2649.0,17,1,1
2649.0,40,2,1
2649.0,40,2,1
2649.0,9,1,1
2649.0,5,1,1
2649.0,0,1,1
2649.0,40,2,1
2649.0,28,1,1
2649.0,40,2,1
2649.0,32,1,1
2649.0,15,1,1
2649.0,15,1,1
2649.0,13,1,1
2649.0,36,1,1
2649.0,5,1,1
2649.0,17,1,1
2649.0,0,1,1
2649.0,15,1,1
2649.0,40,2,1
2649.0,5,1,1
2649.0,0,1,1
2649.0,15,1,1
2649.0,15,1,1
2649.0,22,1,1
2649.0,15,1,1
2649.0,15,2,1
2649.0,0,1,1
2649.0,0,1,1
2649.0,5,1,1
2649.0,36,1,1
2649.0,15,1,1
2649.0,15,1,1
2649.0,40,2,1
2649.0,10,1,1
2649.0,15,1,1
2649.0,0,0,1
2649.0,0,1,1
2649.0,15,0,1
2649.0,40,2,1
2649.0,40,2,1
2649.0,15,1,1
2649.0,2,1,1
2649.0,15,1,1
2649.0,0,1,1
2649.0,0,1,1
2649.0,15,1,1
2649.0,40,2,1
2649.0,40,2,1
2649.0,9,1,1
2649.0,38,1,1
2649.0,15,0,1
2649.0,40,2,1
2649.0,0,1,1
2649.0,38,1,1
2649.0,0,1,1
2649.0,15,1,1
2649.0,5,1,1
2649.0,40,2,1
2649.0,36,1,1
2649.0,40,2,1
2649.0,36,1,1
2649.0,40,2,1
2649.0,0,1,1
2649.0,0,1,1
2649.0,15,1,1
2649.0,1,1,1
2649.0,0,0,1
2649.0,5,1,1
2649.0,40,2,1
2649.0,17,0,1
2649.0,11,1,1
2649.0,0,2,1
2649.0,17,1,1
2649.0,15,1,1
2649.0,15,1,1
2649.0,15,2,1
2649.0,13,1,1
2649.0,40,2,1
2649.0,17,1,1
2649.0,21,1,1
2649.0,15,1,1
2649.0,37,1,1
2649.0,15,1,1
2649.0,0,1,1
2649.0,40,2,1
2649.0,17,1,1
2649.0,0,1,1
2649.0,1,1,1
2649.0,33,2,1
2649.0,40,2,1
2649.0,5,1,1
2649.0,40,2,1
2649.0,5,1,1
2649.0,40,2,1
2649.0,40,2,1
2649.0,0,0,1
2649.0,0,1,1
2649.0,15,0,1
2649.0,0,0,1
2649.0,2,1,1
2649.0,33,1,1
2649.0,0,1,1
2649.0,40,2,1
2649.0,15,1,1
2649.0,40,2,1
2649.0,15,1,1
2649.0,0,1,1
2649.0,15,1,1
2649.0,2,1,1
2649.0,36,1,1
2649.0,0,1,1
2649.0,5,1,1
2649.0,40,2,1
2649.0,40,2,1
2649.0,17,1,1
2649.0,5,1,1
2649.0,0,1,1
2649.0,17,1,1
2649.0,0,0,1
2649.0,37,1,1
2649.0,40,2,1
2649.0,38,0,1
2649.0,1,1,1
2649.0,40,2,1
2649.0,40,2,1
2649.0,40,2,1
2649.0,5,1,1
2649.0,15,1,1
2649.0,36,1,1
2649.0,22,1,1
2649.0,40,2,1
2649.0,0,1,1
2649.0,0,1,1
2649.0,15,1,1
2649.0,15,1,1
2649.0,15,1,1
2649.0,40,2,1
2649.0,15,1,1
2649.0,15,1,1
2649.0,17,1,1
2649.0,40,2,1
2649.0,40,2,1
2649.0,17,1,1
2649.0,0,1,1
2649.0,25,1,1
2649.0,40,2,1
2649.0,0,1,1
2649.0,38,0,1
2649.0,0,1,1
2649.0,15,1,1
2649.0,37,1,1
2649.0,0,1,1
2649.0,10,1,1
2649.0,15,1,1
2649.0,22,1,1
2649.0,40,2,1
2649.0,40,2,1
2649.0,40,2,1
2649.0,22,1,1
2649.0,40,2,1
2649.0,40,2,1
2649.0,17,1,1
2649.0,0,1,1
2611.0,10,1,1
3033.0,40,2,1
3033.0,40,2,1
3033.0,0,1,1
3033.0,0,1,1
3033.0,0,1,1
3033.0,0,1,1
3033.0,0,1,1
3033.0,0,0,1
3033.0,0,1,1
3033.0,0,1,1
3033.0,0,0,1
3034.0,40,2,3
3034.0,5,1,1
3034.0,0,1,1
3034.0,35,1,1
3034.0,5,1,1
3034.0,40,2,1
3034.0,40,2,1
3034.0,5,1,1
3034.0,40,2,1
3034.0,40,2,1
3034.0,5,1,1
3034.0,5,2,1
3034.0,11,1,1
3034.0,17,1,1
3034.0,40,2,1
3034.0,40,2,1
3034.0,40,2,1
3034.0,5,1,1
3034.0,5,1,1
3034.0,5,1,1
3034.0,40,2,1
3034.0,5,1,1
3034.0,0,1,1
3034.0,40,2,1
3034.0,5,1,1
3034.0,40,2,1
3034.0,0,1,1
3034.0,0,1,1
3034.0,40,2,1
3034.0,40,2,1
3034.0,40,2,1
3034.0,40,2,1
3034.0,40,2,1
3034.0,40,2,1
3034.0,40,2,1
3034.0,40,2,1
3034.0,40,2,1
3034.0,40,2,1
3034.0,40,2,1
3034.0,5,1,1
3034.0,5,2,1
3034.0,11,1,1
316.0,40,2,3
316.0,0,1,1
3035.0,15,1,1
3035.0,0,1,1
3035.0,38,1,1
3035.0,0,1,1
3035.0,15,1,1
3035.0,5,0,1
3035.0,2,1,1
3035.0,0,1,1
3035.0,0,1,1
3035.0,36,1,1
3035.0,10,1,1
3035.0,5,1,1
3035.0,0,1,1
3035.0,0,1,1
3035.0,0,1,1
3036.0,0,1,3
3036.0,0,0,1
3036.0,40,2,1
3036.0,0,1,1
3036.0,15,1,1
3036.0,5,1,1
3036.0,15,0,1
3036.0,40,2,1
3036.0,40,2,1
3036.0,5,1,1
3036.0,17,1,1
3036.0,40,2,1
3036.0,15,1,1
3036.0,40,2,1
3036.0,15,1,1
3036.0,15,1,1
3036.0,5,1,1
3036.0,40,2,1
3036.0,40,2,1
3036.0,40,2,1
3036.0,15,1,1
3036.0,0,0,1
3036.0,40,2,1
3036.0,40,2,1
3036.0,15,1,1
3036.0,15,1,1
3036.0,17,1,1
3036.0,40,2,1
3036.0,40,2,1
3036.0,40,2,1
3036.0,0,0,1
3036.0,0,1,1
3036.0,15,1,1
3036.0,15,1,1
3036.0,15,1,1
3036.0,40,2,1
3036.0,40,2,1
3036.0,0,1,1
3036.0,1,1,1
3036.0,0,1,1
3036.0,40,2,1
3036.0,40,2,1
3036.0,40,2,1
3036.0,40,2,1
3036.0,15,1,1
3036.0,5,0,1
3036.0,27,2,1
3036.0,15,1,1
3036.0,15,1,1
3036.0,40,2,1
3036.0,15,1,1
3036.0,40,2,1
3036.0,0,1,1
3036.0,15,1,1
3036.0,40,2,1
3036.0,0,0,1
3036.0,15,1,1
3036.0,0,0,1
3036.0,40,2,1
3036.0,15,1,1
3036.0,40,2,1
3036.0,40,2,1
3036.0,40,2,1
3036.0,33,1,1
3036.0,9,1,1
3036.0,15,1,1
3036.0,40,2,1
3036.0,40,2,1
3036.0,40,2,1
3036.0,2,2,1
3036.0,40,2,1
3036.0,40,2,1
3036.0,40,2,1
3036.0,40,2,1
3036.0,40,2,1
3036.0,40,2,1
3036.0,0,1,1
3036.0,40,2,1
3036.0,33,1,1
3036.0,40,2,1
3036.0,5,1,1
3036.0,17,1,1
3036.0,0,1,1
3036.0,0,1,1
3036.0,40,2,1
3036.0,40,2,1
3036.0,40,2,1
3036.0,0,1,1
3036.0,5,1,1
3036.0,0,1,1
3036.0,17,0,1
3036.0,40,1,1
3036.0,27,2,1
3036.0,40,2,1
3036.0,40,2,1
3036.0,40,1,1
3036.0,40,2,1
3036.0,0,1,1
3036.0,40,2,1
3036.0,40,2,1
3036.0,40,2,1
3036.0,0,2,1
3036.0,40,2,1
3036.0,40,2,1
3036.0,17,1,1
3036.0,0,1,1
3036.0,1,1,1
3036.0,0,0,1
3036.0,5,1,1
3036.0,5,2,1
3036.0,40,2,1
3036.0,40,2,1
3036.0,40,2,1
3036.0,15,2,1
3036.0,40,2,1
3036.0,0,1,1
3036.0,40,2,1
3036.0,0,0,1
3036.0,40,2,1
3036.0,0,1,1
3036.0,0,1,1
3036.0,15,1,1
3036.0,15,1,1
3036.0,40,2,1
3036.0,40,2,1
3036.0,40,2,1
3036.0,0,1,1
3036.0,17,1,1
3036.0,40,2,1
3036.0,40,2,1
3036.0,40,2,1
3036.0,1,1,1
3036.0,40,2,1
3036.0,40,2,1
3036.0,15,1,1
3036.0,15,2,1
3036.0,40,2,1
3036.0,40,2,1
3036.0,40,2,1
3036.0,40,2,1
3036.0,40,2,1
3036.0,40,2,1
3036.0,0,0,1
3036.0,40,1,1
3036.0,40,2,1
3036.0,40,2,1
3036.0,40,2,1
3036.0,40,2,1
3036.0,40,2,1
3036.0,40,2,1
3036.0,15,1,1
3036.0,0,1,1
3036.0,0,1,1
3036.0,40,2,1
3036.0,0,1,1
3036.0,5,1,1
3036.0,15,1,1
3036.0,0,1,1
3036.0,5,1,1
3036.0,40,2,1
3036.0,40,2,1
3036.0,40,2,1
3036.0,40,2,1
3036.0,40,2,1
3036.0,40,2,1
3036.0,40,2,1
3036.0,5,1,1
3036.0,35,1,1
3036.0,0,1,1
3036.0,40,2,1
3036.0,40,2,1
3036.0,0,1,1
3036.0,0,1,1
3036.0,17,1,1
3036.0,0,1,1
3036.0,15,1,1
3036.0,15,1,1
3036.0,40,2,1
3036.0,15,1,1
3036.0,40,2,1
3036.0,40,2,1
3036.0,40,2,1
3036.0,0,1,1
3036.0,0,1,1
3036.0,1,1,1
3036.0,15,1,1
3036.0,15,1,1
3036.0,40,2,1
3036.0,40,2,1
3036.0,33,1,1
3036.0,40,2,1
3036.0,15,1,1
3036.0,40,2,1
3036.0,5,1,1
3036.0,40,2,1
3036.0,0,1,1
3036.0,5,1,1
3036.0,20,0,1
3036.0,40,2,1
3036.0,40,2,1
3036.0,40,2,1
3036.0,40,2,1
3036.0,40,2,1
3036.0,40,2,1
3036.0,17,1,1
3036.0,40,2,1
3036.0,40,2,1
3036.0,0,1,1
3036.0,0,1,1
3036.0,40,2,1
3036.0,0,1,1
3036.0,0,1,1
3036.0,40,2,1
3036.0,40,2,1
3036.0,40,2,1
3036.0,40,2,1
3036.0,0,1,1
3036.0,0,1,1
3036.0,0,1,1
3036.0,0,1,1
3036.0,40,2,1
3036.0,0,1,1
3036.0,15,1,1
3036.0,5,1,1
3036.0,40,2,1
3036.0,40,2,1
3036.0,40,2,1
3036.0,0,1,1
3036.0,40,2,1
3036.0,40,2,1
3036.0,40,2,1
3036.0,0,1,1
3036.0,1,1,1
3036.0,17,2,1
3036.0,0,1,1
3036.0,0,1,1
3036.0,0,1,1
3036.0,0,1,1
3036.0,17,1,1
3036.0,40,2,1
3036.0,40,2,1
3036.0,40,2,1
3036.0,40,2,1
3036.0,0,0,1
3037.0,0,1,3
3037.0,40,2,5
3037.0,0,0,5
3038.0,15,1,1
3039.0,15,1,1
3040.0,15,1,1
3040.0,17,1,1
3040.0,33,1,1
3040.0,33,1,1
3040.0,15,1,1
3040.0,36,1,1
3041.0,0,1,1
3041.0,15,1,1
3041.0,17,1,1
3041.0,17,1,1
3041.0,0,1,1
3041.0,15,1,1
3041.0,15,1,1
3041.0,15,1,1
3041.0,0,1,1
3041.0,22,1,1
3041.0,15,1,1
3041.0,0,1,1
3041.0,36,1,1
3041.0,15,1,1
3041.0,0,1,1
3041.0,15,1,1
3041.0,15,1,1
3041.0,15,1,1
3041.0,10,1,1
3041.0,36,1,1
3041.0,0,1,1
3041.0,0,1,1
3041.0,0,1,1
3041.0,0,1,1
3041.0,13,1,1
3041.0,0,1,1
3041.0,0,1,1
3041.0,0,1,1
3041.0,15,1,1
3041.0,15,1,1
3041.0,0,1,1
3041.0,15,1,1
3041.0,0,1,1
3041.0,0,1,1
3041.0,15,1,1
3041.0,36,1,1
3041.0,10,1,1
3041.0,0,0,1
3041.0,36,1,1
3041.0,0,1,1
3041.0,15,1,1
3041.0,25,1,1
3041.0,0,1,1
3041.0,15,1,1
3041.0,15,1,1
3041.0,17,1,1
3041.0,15,1,1
3041.0,0,1,1
3041.0,15,1,1
3041.0,0,1,1
3041.0,0,1,1
3041.0,15,1,1
3041.0,0,1,1
3042.0,40,2,1
3043.0,40,2,6
3044.0,17,1,1
3044.0,0,1,1
2962.0,17,1,1
2962.0,22,1,1
3045.0,36,1,1
3045.0,0,1,1
3045.0,5,1,1
3046.0,40,1,1
3047.0,40,2,6
3048.0,0,1,1
3048.0,0,1,1
3048.0,0,1,1
3048.0,0,1,1
3048.0,5,1,1
3048.0,0,1,1
3048.0,0,1,1
3048.0,0,1,1
3048.0,0,1,1
3048.0,0,1,1
3048.0,0,1,1
3048.0,0,1,1
3048.0,0,1,1
3048.0,0,1,1
3048.0,0,1,1
3048.0,0,1,1
3048.0,0,1,1
3048.0,0,1,1
3048.0,0,1,1
3048.0,0,1,1
3048.0,0,1,1
3048.0,0,1,1
3048.0,40,2,1
3048.0,0,1,1
3048.0,0,1,1
3048.0,0,1,1
3048.0,0,1,1
3048.0,0,1,1
3048.0,0,1,1
3048.0,0,1,1
3048.0,0,1,1
3048.0,0,1,1
3048.0,0,1,1
3048.0,40,2,1
3048.0,0,1,1
3048.0,0,1,1
306.0,36,1,1
306.0,0,1,1
306.0,36,2,1
306.0,36,1,1
306.0,36,1,1
306.0,36,2,1
306.0,36,1,1
306.0,40,2,1
3049.0,0,1,1
3049.0,15,1,1
3049.0,17,1,1
3049.0,0,1,1
3049.0,0,1,1
3049.0,0,1,1
3049.0,40,1,1
3049.0,22,1,1
3049.0,36,1,1
3049.0,15,1,1
3049.0,0,1,1
3049.0,0,1,1
3050.0,0,0,3
3050.0,40,2,3
3050.0,40,2,3
3051.0,40,2,6
3052.0,40,2,6
3053.0,0,1,1
3054.0,40,2,6
3055.0,40,2,1
3055.0,40,2,1
3055.0,40,2,1
3055.0,0,0,1
3055.0,40,2,1
3055.0,40,2,1
3055.0,40,2,1
3055.0,40,2,1
3055.0,40,2,1
3055.0,40,2,1
3055.0,0,1,1
3055.0,0,1,1
3055.0,0,1,1
3055.0,40,2,1
3055.0,40,2,1
3055.0,0,1,1
3055.0,0,1,1
3055.0,0,1,1
3055.0,40,2,1
3055.0,40,2,1
3055.0,40,2,1
3055.0,40,2,1
3055.0,40,2,1
3055.0,40,2,1
3055.0,40,2,1
3055.0,40,2,1
3055.0,40,2,1
3055.0,0,0,1
3055.0,40,2,1
3055.0,0,0,1
3055.0,40,2,1
3055.0,40,2,1
3055.0,40,2,1
3055.0,40,2,1
3055.0,40,2,1
3055.0,40,2,1
2973.0,0,2,1
2973.0,0,2,1
2973.0,0,2,1
2973.0,0,2,1
2973.0,0,2,1
2973.0,0,2,1
2973.0,0,2,1
2973.0,0,1,1
2973.0,0,2,1
2973.0,0,1,1
2973.0,0,2,1
2973.0,0,2,1
2973.0,0,1,1
2973.0,37,1,1
3056.0,40,2,0
3056.0,36,1,1
271.0,12,1,1
3057.0,40,2,6
3058.0,40,2,3
3058.0,0,0,3
3058.0,0,1,3
3058.0,40,2,3
3058.0,15,1,1
3058.0,15,1,1
3058.0,40,2,1
3058.0,15,1,1
3058.0,0,1,1
3058.0,15,0,1
3058.0,15,1,1
3058.0,40,2,1
3058.0,15,1,1
3058.0,15,1,1
10601.0,0,0,3
10601.0,40,2,3
10601.0,40,2,3
10601.0,0,1,3
10601.0,0,1,3
10601.0,40,2,3
10601.0,40,2,3
10601.0,0,0,3
10601.0,0,0,3
10601.0,0,0,1
10601.0,0,1,1
10601.0,0,1,1
10601.0,40,2,1
10601.0,0,1,1
10601.0,40,2,1
10601.0,0,1,1
10601.0,0,1,1
10601.0,0,0,1
10601.0,0,1,1
10601.0,0,1,1
10601.0,0,1,1
10601.0,0,1,1
10601.0,0,1,1
10601.0,0,1,1
10601.0,0,1,1
10601.0,0,1,1
10601.0,0,1,1
10601.0,0,1,1
10601.0,0,1,1
10601.0,0,1,1
10601.0,0,0,1
10601.0,0,1,1
10601.0,0,1,1
10601.0,40,2,1
10601.0,0,1,1
10601.0,40,2,1
10601.0,40,2,1
10601.0,0,1,1
10601.0,0,1,1
10601.0,0,1,1
10601.0,0,1,1
10601.0,0,1,1
10601.0,27,2,1
10601.0,40,2,1
10601.0,0,0,1
10601.0,5,1,1
10601.0,0,1,1
10601.0,0,1,1
10601.0,40,2,1
10601.0,0,1,1
10601.0,40,2,1
10601.0,0,1,1
10601.0,0,1,1
10601.0,5,1,1
10601.0,0,1,1
10601.0,40,2,1
10601.0,0,0,1
10601.0,0,2,1
10601.0,0,1,1
10601.0,0,1,1
10601.0,0,1,1
10601.0,0,1,1
10601.0,0,1,1
10601.0,0,1,1
10601.0,0,1,1
10601.0,0,1,1
10601.0,40,2,1
10601.0,40,2,1
10601.0,0,1,1
10601.0,40,2,1
10601.0,0,1,1
10601.0,0,1,1
10601.0,0,0,1
10601.0,0,1,1
10601.0,0,1,1
10601.0,40,2,1
10601.0,40,1,1
10601.0,0,1,1
10601.0,0,1,1
10601.0,5,1,1
10601.0,0,1,1
10601.0,40,2,1
10601.0,0,1,1
10601.0,0,1,1
10601.0,0,1,1
10601.0,0,1,1
10601.0,0,1,1
10601.0,0,0,1
10601.0,0,1,1
10601.0,40,2,1
10601.0,0,0,1
10601.0,0,0,1
10601.0,0,1,1
10601.0,0,1,1
10601.0,0,1,1
10601.0,0,1,1
10601.0,0,0,1
10601.0,0,0,1
10601.0,0,1,1
10601.0,40,2,1
10601.0,0,1,1
10601.0,0,1,1
10601.0,0,1,1
10601.0,0,1,1
10601.0,0,1,1
10601.0,0,0,1
10601.0,0,1,1
10601.0,0,1,1
10601.0,0,1,1
10601.0,0,1,1
10601.0,40,1,1
10601.0,0,1,1
10601.0,40,2,1
10601.0,40,2,1
10601.0,0,1,1
10601.0,0,1,1
10601.0,0,1,1
10601.0,0,1,1
10601.0,0,1,1
10601.0,0,1,1
10601.0,0,1,1
10601.0,0,1,1
10601.0,40,2,1
10601.0,40,2,1
10601.0,0,1,1
10601.0,0,1,1
10601.0,40,2,1
10601.0,0,1,1
10601.0,0,1,1
10601.0,0,1,1
10601.0,0,1,1
10601.0,0,1,1
10601.0,0,1,1
10601.0,0,1,1
10601.0,0,1,1
10601.0,0,1,1
10601.0,0,1,1
10601.0,40,2,1
10601.0,0,1,1
10601.0,0,1,1
10601.0,0,1,1
10601.0,0,1,1
10601.0,0,1,1
10601.0,0,0,1
10601.0,0,1,1
10601.0,0,1,1
10601.0,0,1,1
10601.0,0,1,1
10601.0,40,2,1
10601.0,0,1,1
10601.0,40,2,1
10601.0,0,1,1
10601.0,0,1,1
10601.0,40,0,1
10601.0,0,1,1
10601.0,0,1,1
10601.0,0,1,1
10601.0,0,0,1
10601.0,0,1,1
10601.0,0,1,1
10601.0,0,1,1
10601.0,0,1,1
10601.0,0,1,1
10601.0,0,1,1
10601.0,40,2,1
10601.0,40,2,1
10601.0,0,1,1
10601.0,0,1,1
10601.0,0,1,1
10601.0,0,1,1
10601.0,0,1,1
10601.0,40,2,1
10601.0,0,1,1
10601.0,0,0,1
10601.0,40,2,1
10601.0,0,1,1
10601.0,40,2,1
10601.0,0,1,1
10601.0,40,2,1
10601.0,0,1,1
10601.0,40,2,1
10601.0,40,2,1
10601.0,0,1,1
10601.0,0,1,1
10601.0,40,1,1
10601.0,0,1,1
10601.0,0,1,1
10601.0,0,1,1
10601.0,40,2,1
10601.0,0,1,1
10601.0,0,1,1
10601.0,0,0,1
10601.0,0,1,1
10601.0,0,1,1
10601.0,0,1,1
10601.0,0,1,1
10601.0,0,1,1
10601.0,0,1,1
10601.0,40,2,1
10601.0,40,2,1
10601.0,0,1,1
10601.0,0,1,1
10601.0,0,0,1
10601.0,40,2,1
10601.0,0,1,1
10601.0,0,1,1
10601.0,0,1,1
10601.0,0,1,1
10601.0,40,2,1
10601.0,0,1,1
10601.0,40,2,1
10601.0,0,2,1
10601.0,0,1,1
10601.0,0,1,1
10601.0,0,1,1
10601.0,0,1,1
10601.0,0,1,1
10601.0,0,1,1
10601.0,0,1,1
10601.0,40,2,1
10601.0,0,1,1
10601.0,0,1,1
10601.0,0,1,1
10601.0,0,1,1
10601.0,0,1,1
10601.0,0,1,1
10601.0,40,2,1
10601.0,0,1,1
10601.0,40,2,1
10601.0,0,1,1
10601.0,0,1,1
10601.0,0,1,1
10601.0,40,2,1
10601.0,0,1,1
10601.0,15,1,1
10601.0,40,2,1
10601.0,0,1,1
10601.0,0,1,1
10601.0,0,1,1
10601.0,0,1,1
10601.0,0,1,1
10601.0,27,2,1
10601.0,0,1,1
10601.0,40,2,1
10601.0,0,1,1
10601.0,0,1,1
10601.0,0,0,1
10601.0,40,2,1
10601.0,0,1,1
10601.0,0,1,1
10601.0,40,2,1
10601.0,40,2,1
10601.0,40,2,1
10601.0,0,1,1
10601.0,0,0,1
10601.0,0,1,1
11268.0,40,2,3
3060.0,40,1,2
3060.0,40,2,2
3060.0,40,2,2
3060.0,40,2,2
3060.0,40,2,2
3060.0,0,1,2
3060.0,40,2,2
3060.0,0,1,3
3060.0,40,2,1
3060.0,40,2,1
3060.0,40,2,1
3060.0,0,1,1
3060.0,0,1,1
3060.0,40,2,1
3060.0,0,1,1
3060.0,40,2,1
3060.0,17,1,1
3060.0,40,2,1
3060.0,40,2,1
3060.0,40,2,1
3060.0,40,2,1
3060.0,0,1,1
3060.0,0,1,1
3060.0,40,2,1
3060.0,40,2,1
3060.0,40,2,1
3060.0,0,1,1
3060.0,40,2,1
3060.0,40,1,1
3060.0,40,1,1
3060.0,0,1,1
3060.0,40,2,1
3060.0,40,2,1
3060.0,40,2,1
3060.0,0,1,1
3061.0,0,1,1
3062.0,0,1,3
3062.0,15,1,1
233.0,40,2,1
233.0,0,2,1
233.0,40,2,1
233.0,40,2,1
233.0,40,2,1
233.0,40,2,1
233.0,40,2,1
233.0,40,2,1
233.0,0,2,1
233.0,40,2,1
233.0,0,2,1
233.0,0,2,1
233.0,0,2,1
233.0,40,2,1
233.0,40,2,1
233.0,40,2,1
233.0,40,2,1
233.0,40,2,1
233.0,40,2,1
233.0,40,2,1
233.0,40,2,1
233.0,40,2,1
233.0,40,2,1
233.0,0,2,1
233.0,40,2,1
233.0,0,2,1
233.0,0,2,1
233.0,40,2,1
233.0,40,2,1
233.0,40,2,1
233.0,0,2,1
233.0,40,2,1
233.0,40,2,1
233.0,40,2,1
233.0,40,2,1
233.0,40,2,1
233.0,40,2,1
233.0,40,2,1
233.0,40,2,1
233.0,40,2,1
233.0,40,2,1
233.0,40,2,1
233.0,40,2,1
233.0,0,2,1
233.0,40,2,1
233.0,40,2,1
233.0,22,1,1
233.0,40,2,1
233.0,40,2,1
233.0,40,2,1
233.0,8,2,1
233.0,22,1,1
233.0,0,2,1
233.0,40,2,1
233.0,40,2,1
3063.0,40,2,6
3064.0,0,1,1
3064.0,0,1,1
3064.0,5,1,1
3064.0,0,1,1
3064.0,0,1,1
3064.0,0,0,1
3064.0,0,0,1
3064.0,0,1,1
3064.0,0,0,1
3064.0,0,1,1
3064.0,0,1,1
3064.0,0,1,1
3064.0,0,1,1
157.0,0,1,5
157.0,1,1,1
157.0,0,0,1
157.0,0,1,1
157.0,21,1,1
157.0,40,2,1
157.0,0,1,1
157.0,0,1,1
157.0,42,2,1
157.0,38,1,1
157.0,17,1,1
157.0,17,0,1
157.0,17,1,1
157.0,0,1,1
157.0,17,2,1
157.0,40,2,1
157.0,40,2,1
157.0,40,2,1
157.0,17,1,1
157.0,17,1,1
157.0,10,1,1
157.0,17,2,1
157.0,40,2,1
157.0,40,2,1
157.0,0,1,1
157.0,17,1,1
157.0,40,2,1
157.0,40,2,1
157.0,40,2,1
157.0,5,2,1
157.0,40,2,1
157.0,40,2,1
157.0,40,2,1
157.0,17,1,1
157.0,0,1,1
157.0,40,2,1
157.0,17,1,1
157.0,17,2,1
157.0,0,0,1
157.0,17,1,1
157.0,17,1,1
157.0,17,2,1
157.0,38,1,1
157.0,38,1,1
157.0,40,2,1
157.0,40,2,1
157.0,15,1,1
157.0,17,2,1
157.0,0,0,1
157.0,40,2,1
157.0,17,1,1
157.0,40,2,1
157.0,40,2,1
157.0,40,2,1
157.0,40,2,1
157.0,40,2,1
157.0,40,2,1
157.0,17,1,1
157.0,17,1,1
157.0,40,2,1
157.0,17,1,1
157.0,40,2,1
157.0,17,1,1
157.0,40,2,1
157.0,17,2,1
157.0,0,1,1
157.0,20,1,1
157.0,40,2,1
157.0,40,2,1
157.0,4,1,1
157.0,40,2,1
157.0,17,1,1
157.0,40,2,1
157.0,20,1,1
157.0,40,2,1
157.0,17,2,1
157.0,40,2,1
157.0,40,2,1
157.0,17,2,1
157.0,17,1,1
157.0,38,1,1
157.0,40,2,1
157.0,40,2,1
157.0,17,1,1
157.0,17,1,1
157.0,40,2,1
157.0,40,2,1
157.0,17,0,1
157.0,39,2,1
157.0,40,2,1
157.0,40,2,1
157.0,38,0,1
157.0,17,2,1
157.0,40,2,1
157.0,17,1,1
157.0,40,2,1
157.0,0,0,1
157.0,17,1,1
157.0,11,1,1
157.0,40,2,1
3065.0,40,2,3
3065.0,40,2,3
3065.0,0,0,3
3065.0,40,2,0
3065.0,40,2,1
3065.0,40,2,1
3065.0,40,2,1
3065.0,0,1,1
3065.0,40,2,1
3065.0,40,2,1
3065.0,0,1,1
3065.0,40,2,1
3065.0,40,1,1
3065.0,40,2,1
3065.0,40,2,1
3065.0,40,2,1
3065.0,40,2,1
3065.0,0,1,1
3065.0,17,1,1
3065.0,40,2,1
3065.0,40,2,1
3065.0,0,1,1
3065.0,40,2,1
3065.0,40,2,1
3065.0,40,2,1
3065.0,0,1,1
3065.0,0,1,1
3065.0,0,1,1
3065.0,40,2,1
3065.0,40,2,1
3065.0,0,1,1
3065.0,0,1,1
3065.0,40,2,1
3065.0,40,2,1
3065.0,40,2,1
3065.0,40,2,1
3065.0,40,2,1
3065.0,40,2,1
3065.0,40,2,1
3065.0,40,2,1
3065.0,0,1,1
3065.0,40,2,1
3065.0,38,1,1
3065.0,40,1,1
3065.0,40,2,1
3065.0,0,1,1
3065.0,40,1,1
3065.0,40,2,1
3065.0,40,2,1
3065.0,0,1,1
3065.0,40,2,1
3065.0,40,2,1
3065.0,0,1,1
3065.0,0,1,1
3065.0,40,2,1
3065.0,40,2,1
3065.0,40,2,1
3065.0,0,1,1
3066.0,0,1,2
3066.0,40,2,2
3066.0,0,1,2
3066.0,40,2,2
3066.0,40,2,2
3066.0,0,1,3
3066.0,40,2,1
3066.0,40,2,1
3066.0,0,1,1
3066.0,40,2,1
3066.0,40,2,1
3066.0,40,2,1
3066.0,0,1,1
3066.0,40,2,1
3066.0,0,1,1
3066.0,0,1,1
3066.0,0,1,1
3066.0,0,1,1
,0,1,3
207.0,15,1,1
207.0,0,1,1
207.0,22,1,1
207.0,15,1,1
207.0,17,1,1
207.0,15,1,1
207.0,17,1,1
207.0,0,1,1
207.0,0,1,1
207.0,0,1,1
207.0,15,1,1
207.0,0,1,1
207.0,0,1,1
207.0,0,1,1
207.0,15,1,1
207.0,15,1,1
207.0,15,1,1
207.0,15,1,1
207.0,0,1,1
207.0,0,1,1
207.0,0,1,1
207.0,0,1,1
207.0,0,0,1
207.0,15,1,1
207.0,15,1,1
207.0,0,1,1
207.0,22,1,1
207.0,36,1,1
207.0,0,1,1
207.0,0,1,1
207.0,0,1,1
207.0,0,1,1
207.0,15,1,1
207.0,15,1,1
207.0,0,1,1
207.0,0,1,1
207.0,0,1,1
207.0,15,1,1
207.0,15,1,1
207.0,0,1,1
207.0,0,1,1
207.0,2,1,1
207.0,5,1,1
207.0,15,1,1
207.0,0,1,1
207.0,0,1,1
207.0,0,1,1
207.0,0,1,1
207.0,0,1,1
207.0,0,0,1
207.0,36,1,1
207.0,15,1,1
207.0,38,1,1
207.0,10,1,1
207.0,36,1,1
207.0,11,1,1
207.0,36,1,1
207.0,0,1,1
207.0,0,1,1
207.0,0,1,1
207.0,0,1,1
207.0,0,0,1
207.0,0,1,1
207.0,0,1,1
207.0,0,1,1
207.0,0,1,1
207.0,0,1,1
207.0,0,1,1
207.0,2,1,1
207.0,5,1,1
207.0,15,1,1
207.0,0,1,1
207.0,0,1,1
207.0,0,1,1
207.0,17,1,1
207.0,17,1,1
207.0,1,1,1
207.0,17,1,1
207.0,17,0,1
207.0,0,1,1
207.0,0,1,1
207.0,0,1,1
207.0,15,1,1
207.0,0,1,1
207.0,15,1,1
207.0,0,1,1
207.0,15,1,1
207.0,17,1,1
207.0,0,1,1
207.0,0,1,1
207.0,0,0,1
207.0,2,1,1
207.0,15,1,1
207.0,0,1,1
207.0,17,1,1
207.0,0,1,1
207.0,0,1,1
207.0,0,1,1
207.0,15,1,1
207.0,15,1,1
207.0,40,2,1
207.0,0,1,1
207.0,36,1,1
207.0,22,1,1
207.0,10,1,1
207.0,5,1,1
207.0,0,1,1
207.0,29,1,1
207.0,0,1,1
207.0,0,1,1
207.0,17,1,1
207.0,0,0,1
207.0,25,1,1
207.0,15,1,1
207.0,15,1,1
207.0,36,1,1
207.0,0,1,1
207.0,4,1,1
207.0,0,1,1
207.0,15,1,1
207.0,15,1,1
207.0,25,1,1
207.0,0,1,1
207.0,15,1,1
207.0,15,1,1
207.0,15,1,1
207.0,0,1,1
207.0,0,1,1
207.0,15,1,1
207.0,0,1,1
207.0,17,0,1
207.0,25,1,1
207.0,0,1,1
207.0,15,1,1
207.0,0,1,1
207.0,0,1,1
207.0,5,1,1
207.0,0,1,1
207.0,0,1,1
207.0,0,0,1
207.0,0,1,1
207.0,0,1,1
207.0,15,1,1
207.0,15,1,1
207.0,15,1,1
207.0,15,1,1
207.0,0,1,1
207.0,0,1,1
207.0,0,1,1
207.0,0,1,1
207.0,40,2,1
207.0,0,1,1
207.0,0,1,1
207.0,0,1,1
3067.0,0,0,1
3067.0,0,1,1
3067.0,0,1,1
3067.0,0,1,1
3067.0,0,1,1
3067.0,0,1,1
3067.0,0,1,1
,40,2,1
,12,1,1
,40,2,1
,15,1,1
,0,1,1
,40,2,1
,0,1,1
,7,2,1
,17,1,1
,40,2,1
,0,1,1
,40,2,1
,9,1,1
,38,1,1
,40,2,1
,15,1,1
,0,1,1
,15,1,1
,5,1,1
,0,1,1
,40,2,1
,40,2,1
,0,1,1
,0,1,1
,40,2,1
,40,2,1
,0,1,1
,40,2,1
,37,1,1
,40,2,1
,1,1,1
,40,2,1
,0,1,1
,40,2,1
3068.0,0,0,3
3068.0,15,1,1
2731.0,0,0,3
2731.0,0,1,1
3069.0,0,1,3
3069.0,0,2,1
3069.0,0,0,1
3069.0,0,1,1
3069.0,0,1,1
3069.0,0,1,1
3069.0,0,1,1
3069.0,0,1,1
3069.0,0,0,1
3069.0,0,1,1
3069.0,0,0,1
3069.0,0,0,1
3069.0,0,0,1
3069.0,0,1,1
3069.0,0,1,1
3069.0,40,1,1
3069.0,40,2,1
3069.0,0,1,1
3069.0,0,0,1
3069.0,0,1,1
2706.0,0,1,3
2706.0,36,1,1
3070.0,40,2,3
3070.0,0,0,1
2527.0,40,2,3
2527.0,0,0,3
2527.0,40,2,1
2527.0,37,2,1
2527.0,40,2,1
2527.0,0,2,1
2527.0,40,2,1
2527.0,0,2,1
2527.0,40,2,1
2527.0,40,2,1
2527.0,40,2,1
2527.0,0,2,1
2527.0,40,2,1
2527.0,0,2,1
2527.0,40,2,1
2527.0,40,2,1
2527.0,40,2,1
2527.0,40,2,1
2527.0,40,2,1
2527.0,40,2,1
2527.0,40,2,1
2527.0,40,2,1
2527.0,0,2,1
2527.0,40,2,1
2527.0,0,1,1
2527.0,40,2,1
2527.0,0,2,1
2527.0,0,2,1
2527.0,0,1,1
2527.0,0,2,1
2527.0,40,2,1
2527.0,40,2,1
2527.0,40,2,1
2527.0,0,2,1
2527.0,40,2,1
2527.0,40,2,1
2527.0,40,2,1
2527.0,40,2,1
2527.0,0,2,1
2527.0,40,2,1
2527.0,0,2,1
2527.0,40,2,1
2527.0,40,2,1
2527.0,40,2,1
2527.0,40,2,1
2527.0,40,2,1
2527.0,40,2,1
2527.0,40,2,1
2527.0,40,2,1
2527.0,0,1,1
2527.0,40,2,1
2527.0,0,2,1
2527.0,40,2,1
2527.0,40,2,1
2527.0,5,1,1
2527.0,40,2,1
2527.0,40,2,1
2527.0,40,2,1
2527.0,0,1,1
10600.0,36,1,1
2751.0,15,1,1
2751.0,0,1,1
2751.0,0,1,1
2751.0,15,1,1
2751.0,22,1,1
2751.0,40,2,1
2751.0,0,1,1
2751.0,15,1,1
2751.0,17,1,1
2751.0,0,1,1
2751.0,0,1,1
2751.0,2,1,1
2751.0,5,1,1
2751.0,0,1,1
2751.0,36,1,1
2751.0,15,1,1
2751.0,38,1,1
2751.0,10,1,1
2751.0,36,1,1
2751.0,0,1,1
2751.0,0,1,1
2751.0,5,1,1
2751.0,0,1,1
2751.0,17,1,1
2751.0,0,1,1
2751.0,1,1,1
2751.0,17,1,1
2751.0,0,1,1
2751.0,0,1,1
2751.0,0,1,1
2751.0,15,1,1
2751.0,15,1,1
2751.0,15,1,1
2751.0,15,1,1
2751.0,0,1,1
2751.0,36,1,1
2751.0,22,1,1
2751.0,5,1,1
2751.0,0,1,1
2751.0,25,1,1
2751.0,0,1,1
2751.0,15,1,1
2751.0,36,1,1
2751.0,0,1,1
2751.0,0,1,1
2751.0,15,1,1
2751.0,15,1,1
2751.0,15,1,1
2751.0,27,2,1
2751.0,15,1,1
2751.0,25,1,1
2751.0,0,1,1
2751.0,0,1,1
2751.0,0,1,1
2751.0,0,1,1
3071.0,40,2,2
3071.0,17,1,2
3071.0,0,1,2
3071.0,0,1,2
3071.0,40,2,2
3071.0,40,2,3
3071.0,40,2,3
3071.0,40,2,1
3071.0,40,2,1
3071.0,40,2,1
3071.0,0,1,1
3071.0,0,1,1
3071.0,40,2,1
3071.0,40,2,1
3071.0,40,2,1
3071.0,40,2,1
3071.0,0,2,1
3071.0,40,2,1
3071.0,40,2,1
3071.0,40,2,1
3071.0,0,1,1
3071.0,12,1,1
3071.0,0,1,1
3071.0,0,1,1
3071.0,40,2,1
2885.0,15,1,1
2885.0,15,1,1
2885.0,0,1,1
2885.0,22,1,1
2885.0,15,1,1
3072.0,40,2,1
2592.0,0,0,5
2592.0,15,1,1
2592.0,15,1,1
2592.0,15,1,1
2592.0,15,1,1
2592.0,15,1,1
2592.0,15,1,1
2592.0,0,1,1
2592.0,5,1,1
2592.0,15,1,1
2592.0,10,1,1
2592.0,36,1,1
2592.0,0,1,1
2592.0,15,1,1
2592.0,17,1,1
2592.0,15,1,1
2592.0,15,1,1
2592.0,36,1,1
2592.0,36,1,1
2592.0,15,1,1
2592.0,15,1,1
2592.0,15,1,1
2592.0,0,1,1
2592.0,15,1,1
2592.0,15,1,1
2592.0,0,1,1
3073.0,40,2,3
3073.0,40,2,3
3073.0,0,1,5
3073.0,0,1,4
3073.0,14,1,1
3073.0,41,1,1
3073.0,40,2,1
3073.0,14,1,1
3073.0,40,2,1
3073.0,22,1,1
3073.0,22,1,1
3073.0,40,2,1
3073.0,40,2,1
3073.0,40,2,1
3073.0,22,1,1
3073.0,40,2,1
3073.0,22,1,1
3073.0,40,2,1
3073.0,40,2,1
3073.0,22,1,1
3073.0,40,2,1
3073.0,22,1,1
3073.0,40,2,1
3073.0,40,2,1
3073.0,22,1,1
3073.0,22,2,1
3073.0,40,2,1
3073.0,40,2,1
3073.0,40,2,1
3073.0,40,2,1
3074.0,0,0,3
3074.0,0,0,1
3074.0,40,2,1
3074.0,40,2,1
3074.0,0,1,1
3074.0,0,1,1
3074.0,0,1,1
3074.0,40,2,1
3074.0,0,1,1
3074.0,0,1,1
3074.0,0,1,1
3074.0,40,2,1
3074.0,0,1,1
3074.0,40,2,1
3074.0,0,1,1
3074.0,0,1,1
3074.0,0,1,1
3074.0,0,0,1
3074.0,0,1,1
3074.0,0,1,1
3074.0,40,2,1
3074.0,0,1,1
3074.0,40,2,1
3074.0,0,1,1
3074.0,40,2,1
3074.0,0,1,1
3074.0,40,2,1
3074.0,0,1,1
3074.0,0,1,1
3074.0,0,1,1
3074.0,40,2,1
3074.0,0,1,1
3074.0,0,1,1
3074.0,0,1,1
3074.0,40,2,1
3074.0,0,1,1
3074.0,0,1,1
3074.0,40,2,1
3074.0,0,0,1
3074.0,40,2,1
3074.0,0,1,1
3074.0,0,1,1
3074.0,40,2,1
3074.0,0,1,1
3074.0,0,1,1
3074.0,0,1,1
3074.0,40,2,1
3074.0,0,1,1
3074.0,0,1,1
3074.0,40,2,1
3074.0,25,1,1
3074.0,40,2,1
3074.0,40,2,1
3074.0,40,2,1
3074.0,40,2,1
3075.0,40,2,1
3075.0,15,1,1
3075.0,0,1,1
3075.0,0,1,1
3075.0,33,0,1
3075.0,15,1,1
3075.0,15,1,1
3076.0,40,2,3
2917.0,15,1,1
2917.0,15,1,1
2917.0,15,1,1
2917.0,0,1,1
2917.0,17,1,1
2917.0,0,1,1
2917.0,17,1,1
2917.0,15,1,1
2917.0,36,1,1
2917.0,17,1,1
2917.0,15,1,1
2917.0,22,1,1
2917.0,0,1,1
2917.0,15,1,1
2917.0,0,1,1
3077.0,40,2,3
3077.0,40,2,5
3077.0,40,2,1
3078.0,0,0,3
3078.0,40,2,1
3078.0,0,1,1
3078.0,40,2,1
3078.0,40,2,1
3078.0,40,2,1
3078.0,15,1,1
3079.0,40,2,2
3079.0,0,1,2
3079.0,40,2,2
3079.0,40,2,2
3079.0,0,1,2
3079.0,40,2,1
3079.0,40,2,1
3079.0,40,2,1
3079.0,40,2,1
3079.0,0,1,1
3079.0,40,2,1
3079.0,40,2,1
3079.0,40,2,1
3079.0,40,2,1
3079.0,40,2,1
3079.0,40,2,1
3079.0,40,2,1
3079.0,40,2,1
3079.0,0,1,1
3079.0,0,0,1
3079.0,0,1,1
3079.0,0,1,1
3079.0,0,1,1
3079.0,40,2,1
3079.0,40,2,1
3079.0,0,1,1
3079.0,40,2,1
3079.0,40,2,1
3079.0,40,2,1
3079.0,40,2,1
3079.0,40,2,1
3079.0,40,2,1
3079.0,40,2,1
3079.0,40,2,1
3079.0,0,1,1
3079.0,40,2,1
3079.0,40,2,1
3079.0,40,2,1
3079.0,40,2,1
3079.0,40,2,1
3079.0,40,2,1
3079.0,15,1,1
3079.0,0,1,1
3079.0,40,2,1
3079.0,0,1,1
3079.0,0,1,1
3079.0,40,2,1
3079.0,40,2,1
3079.0,40,2,1
3079.0,40,2,1
3079.0,0,1,1
3079.0,40,2,1
3079.0,40,2,1
3079.0,40,2,1
3079.0,40,2,1
3079.0,40,2,1
3079.0,0,1,1
3079.0,40,2,1
3079.0,0,1,1
3079.0,0,1,1
3079.0,40,2,1
3079.0,40,2,1
3079.0,40,2,1
3079.0,0,1,1
3079.0,40,2,1
3079.0,40,2,1
3079.0,0,1,1
3079.0,0,1,1
3079.0,0,1,1
3079.0,0,1,1
3079.0,0,1,1
3079.0,40,2,1
3079.0,40,2,1
3079.0,40,2,1
3079.0,0,1,1
3079.0,40,2,1
3079.0,0,1,1
3079.0,0,1,1
3079.0,40,2,1
3079.0,40,2,1
3079.0,0,1,1
3079.0,40,2,1
3079.0,40,2,1
3079.0,40,2,1
3079.0,0,0,1
3079.0,40,2,1
3079.0,40,2,1
3079.0,0,1,1
3079.0,40,2,1
3079.0,40,2,1
3079.0,40,2,1
3079.0,40,2,1
3079.0,40,2,1
3079.0,40,2,1
3079.0,40,2,1
3079.0,0,1,1
3079.0,0,1,1
3079.0,0,1,1
3079.0,40,2,1
3079.0,40,2,1
3079.0,0,1,1
3079.0,40,2,1
3079.0,40,2,1
3079.0,40,2,1
3079.0,40,2,1
3079.0,40,2,1
3079.0,40,2,1
3079.0,0,1,1
3079.0,40,2,1
3079.0,40,2,1
3079.0,40,2,1
3079.0,40,2,1
3079.0,40,2,1
3079.0,40,2,1
3079.0,0,0,1
3079.0,40,2,1
3079.0,40,2,1
3079.0,40,2,1
3079.0,40,2,1
3079.0,40,2,1
3079.0,40,2,1
3079.0,0,1,1
3079.0,40,2,1
3079.0,0,1,1
3079.0,40,2,1
3079.0,0,1,1
3079.0,36,1,1
3079.0,40,2,1
3079.0,0,1,1
3079.0,40,2,1
3079.0,40,2,1
3079.0,40,2,1
3079.0,40,2,1
3079.0,40,2,1
3079.0,40,2,1
3079.0,40,2,1
3079.0,40,2,1
3079.0,40,2,1
3079.0,40,2,1
3079.0,0,0,1
3079.0,40,2,1
3079.0,40,2,1
3079.0,40,2,1
3079.0,40,2,1
3079.0,40,2,1
3079.0,40,2,1
3079.0,40,2,1
3079.0,0,1,1
3079.0,40,0,1
3079.0,40,2,1
3079.0,40,2,1
3079.0,40,2,1
3079.0,40,2,1
3079.0,40,2,1
3079.0,40,2,1
3079.0,0,1,1
3079.0,40,2,1
3079.0,0,1,1
3079.0,40,2,1
3079.0,40,2,1
3079.0,40,2,1
3079.0,40,2,1
3079.0,40,2,1
3079.0,0,1,1
3079.0,40,2,1
3079.0,40,2,1
3079.0,0,1,1
3079.0,0,1,1
3079.0,0,0,1
3079.0,40,2,1
3079.0,40,2,1
3079.0,40,2,1
3079.0,40,2,1
3079.0,40,2,1
3079.0,40,2,1
3079.0,40,2,1
3079.0,40,2,1
3080.0,25,1,3
3080.0,25,1,3
3080.0,40,2,3
3080.0,40,2,3
3080.0,40,2,5
3080.0,40,2,1
3080.0,40,2,1
3080.0,25,1,1
3080.0,40,2,1
3080.0,40,2,1
3080.0,25,1,1
3080.0,25,1,1
3080.0,40,2,1
3080.0,25,1,1
3080.0,25,1,1
3080.0,0,1,1
3080.0,25,1,1
3080.0,25,1,1
3080.0,40,2,1
3080.0,25,1,1
3080.0,25,1,1
3080.0,40,2,1
3080.0,40,2,1
3080.0,40,2,1
3080.0,40,2,1
3080.0,25,1,1
3080.0,40,2,1
3080.0,25,1,1
3080.0,25,1,1
3080.0,40,2,1
3080.0,40,2,1
3080.0,25,0,1
3080.0,40,2,1
3080.0,25,1,1
3080.0,40,2,1
3080.0,25,1,1
3080.0,40,2,1
3080.0,19,1,1
3080.0,25,1,1
3080.0,25,1,1
3080.0,25,1,1
3080.0,40,2,1
3080.0,40,2,1
3080.0,40,2,1
3080.0,40,2,1
3080.0,25,1,1
3080.0,25,1,1
3080.0,25,1,1
3080.0,40,2,1
3080.0,25,1,1
3080.0,40,2,1
3080.0,25,1,1
3080.0,25,1,1
3080.0,25,1,1
3080.0,40,2,1
3080.0,40,2,1
3080.0,40,2,1
3080.0,40,2,1
3080.0,25,1,1
3081.0,0,1,1
3081.0,0,1,1
3081.0,0,1,1
3081.0,0,1,1
3081.0,0,1,1
3081.0,0,1,1
3081.0,0,1,1
3081.0,0,1,1
3081.0,0,1,1
3081.0,0,1,1
3081.0,0,1,1
3081.0,0,1,1
3081.0,0,1,1
3081.0,0,1,1
3082.0,4,1,1
3083.0,40,2,6
2629.0,15,1,1
2629.0,15,1,1
2629.0,0,1,1
2629.0,0,1,1
2629.0,15,1,1
2629.0,0,1,1
2629.0,0,1,1
2629.0,15,1,1
2629.0,15,1,1
2629.0,15,1,1
2629.0,0,1,1
2629.0,0,1,1
2629.0,15,1,1
2629.0,22,1,1
2629.0,36,1,1
2629.0,0,1,1
2629.0,0,1,1
2629.0,0,1,1
2629.0,15,1,1
2629.0,15,1,1
2629.0,17,1,1
2629.0,0,1,1
2629.0,15,1,1
2629.0,5,1,1
2629.0,15,1,1
2629.0,0,1,1
2629.0,0,1,1
2629.0,36,1,1
2629.0,15,1,1
2629.0,38,1,1
2629.0,10,1,1
2629.0,36,1,1
2629.0,36,1,1
2629.0,0,1,1
2629.0,0,1,1
2629.0,0,1,1
2629.0,5,0,1
2629.0,0,1,1
2629.0,0,1,1
2629.0,0,1,1
2629.0,17,1,1
2629.0,1,2,1
2629.0,1,1,1
2629.0,0,1,1
2629.0,15,1,1
2629.0,0,1,1
2629.0,15,1,1
2629.0,15,1,1
2629.0,17,1,1
2629.0,0,1,1
2629.0,0,0,1
2629.0,15,1,1
2629.0,33,1,1
2629.0,40,2,1
2629.0,15,1,1
2629.0,36,1,1
2629.0,22,1,1
2629.0,10,1,1
2629.0,5,1,1
2629.0,0,1,1
2629.0,0,1,1
2629.0,5,1,1
2629.0,17,1,1
2629.0,15,1,1
2629.0,36,1,1
2629.0,0,1,1
2629.0,15,1,1
2629.0,15,1,1
2629.0,15,1,1
2629.0,15,1,1
2629.0,0,1,1
2629.0,0,1,1
2629.0,15,1,1
2629.0,0,1,1
2629.0,0,1,1
2629.0,2,1,1
2629.0,0,1,1
2629.0,0,1,1
2629.0,0,1,1
2629.0,0,1,1
3084.0,40,2,6
3085.0,40,2,6
3086.0,40,2,6
3087.0,0,1,5
3087.0,0,1,1
3088.0,0,0,3
3088.0,40,2,5
3088.0,0,1,1
3089.0,40,2,6
2528.0,0,2,3
2528.0,40,2,1
2528.0,40,2,1
2528.0,40,2,1
2528.0,40,2,1
2528.0,40,2,1
2528.0,40,2,1
2528.0,40,2,1
2528.0,40,2,1
2528.0,0,2,1
2528.0,40,2,1
2528.0,0,2,1
2528.0,0,2,1
2528.0,40,2,1
2528.0,40,2,1
2528.0,40,2,1
2528.0,0,2,1
2528.0,0,2,1
2528.0,0,2,1
2528.0,40,2,1
2528.0,40,2,1
2528.0,40,2,1
2528.0,0,2,1
2528.0,0,1,1
2528.0,0,2,1
2528.0,40,2,1
2528.0,40,2,1
2528.0,40,2,1
2528.0,0,2,1
2528.0,0,1,1
2528.0,0,2,1
2528.0,0,2,1
2528.0,40,2,1
2528.0,40,2,1
2528.0,0,1,1
2528.0,40,2,1
2528.0,40,2,1
2528.0,0,1,1
2528.0,40,2,1
2528.0,0,2,1
2528.0,40,2,1
2528.0,0,2,1
2528.0,40,2,1
2528.0,40,2,1
2528.0,40,2,1
2528.0,27,2,1
2528.0,0,2,1
2528.0,40,2,1
2528.0,40,2,1
2528.0,0,2,1
2528.0,40,2,1
2528.0,40,2,1
2528.0,0,1,1
2528.0,40,2,1
2528.0,0,2,1
2528.0,40,2,1
2528.0,40,2,1
2528.0,40,2,1
2528.0,0,2,1
2528.0,0,2,1
2528.0,40,2,1
2528.0,40,2,1
2528.0,0,1,1
2528.0,40,2,1
2528.0,40,2,1
2528.0,40,2,1
2528.0,0,2,1
2528.0,40,2,1
2528.0,0,1,1
2528.0,0,2,1
2528.0,0,1,1
2528.0,40,2,1
3090.0,40,2,1
3090.0,0,0,1
3090.0,0,1,1
3090.0,40,2,1
3090.0,0,2,1
3090.0,40,2,1
3090.0,0,1,1
3090.0,0,1,1
3090.0,0,1,1
3090.0,0,0,1
3090.0,40,2,1
3090.0,0,1,1
3090.0,0,1,1
3090.0,0,0,1
3090.0,40,2,1
3090.0,40,2,1
3090.0,0,1,1
3090.0,0,2,1
3090.0,40,2,1
3090.0,40,2,1
3090.0,0,0,1
3090.0,40,2,1
3090.0,40,2,1
3090.0,0,1,1
3090.0,40,2,1
3090.0,0,0,1
3090.0,40,2,1
3090.0,0,2,1
3090.0,0,1,1
3090.0,40,2,1
3090.0,40,2,1
3090.0,40,2,1
3090.0,0,0,1
3090.0,0,2,1
3090.0,40,2,1
3091.0,40,2,1
2668.0,0,1,1
2668.0,15,1,1
2668.0,0,0,1
2668.0,17,1,1
2668.0,0,1,1
2668.0,0,1,1
2668.0,15,1,1
2668.0,0,1,1
2668.0,0,1,1
2668.0,36,1,1
2668.0,15,1,1
2668.0,0,1,1
2668.0,40,2,1
2668.0,15,1,1
2668.0,0,1,1
2668.0,36,1,1
2668.0,15,1,1
2668.0,10,1,1
2668.0,36,1,1
2668.0,0,1,1
2668.0,40,2,1
2668.0,0,1,1
2668.0,0,1,1
2668.0,15,1,1
2668.0,17,1,1
2668.0,15,1,1
2668.0,22,1,1
2668.0,36,1,1
2668.0,30,1,1
2668.0,40,2,1
2668.0,15,1,1
2668.0,0,1,1
3092.0,0,1,3
3092.0,0,1,3
3092.0,0,0,1
3092.0,0,1,1
3092.0,15,1,1
3092.0,0,0,1
3092.0,0,1,1
3092.0,15,1,1
3092.0,0,1,1
3092.0,5,1,1
3092.0,0,1,1
3092.0,0,1,1
3092.0,5,1,1
3092.0,0,0,1
3092.0,15,1,1
3092.0,0,0,1
3092.0,0,1,1
3092.0,0,0,1
3092.0,0,1,1
3092.0,0,0,1
3092.0,0,1,1
3092.0,40,2,1
3092.0,0,1,1
3092.0,0,1,1
3092.0,0,1,1
3092.0,0,1,1
3092.0,0,1,1
3092.0,40,2,1
3092.0,0,1,1
3092.0,0,1,1
3092.0,0,1,1
3092.0,0,1,1
3093.0,0,1,1
3093.0,40,2,1
3093.0,0,0,1
3093.0,40,2,1
3093.0,40,2,1
3093.0,40,2,1
3094.0,0,1,5
3094.0,40,2,5
3094.0,40,1,5
3094.0,6,1,1
3095.0,40,2,1
3096.0,0,1,1
3096.0,0,1,1
3096.0,3,1,1
3096.0,0,0,1
3096.0,0,1,1
3096.0,0,1,1
3096.0,0,1,1
3096.0,0,1,1
3096.0,0,1,1
3096.0,0,1,1
3096.0,0,1,1
3096.0,0,1,1
3096.0,0,1,1
3096.0,0,1,1
3096.0,0,1,1
3096.0,0,1,1
3096.0,0,1,1
3096.0,0,0,1
3096.0,27,1,1
3096.0,0,1,1
3096.0,0,1,1
3096.0,0,1,1
3097.0,40,2,6
2727.0,15,1,1
2727.0,15,1,1
2727.0,0,1,1
2727.0,15,1,1
2727.0,0,1,1
2727.0,0,1,1
2727.0,44,3,6
